construct,Gene,Context Sequence,PAM,sign,avg_percenitle,distinct,type
enCas12a,EEF2,ACAATTTGTCCAGGAAGTTGTCCAGGGCAGGGAT,TTTG,-1,0.5848623853211006,40,train
enCas12a,EEF2,ACACTTTTTCCATTTCTTCAGAGGGAAACTCAGA,TTTT,-1,0.10550458715596331,40,train
enCas12a,EEF2,ACCATTTTGGAAATATACATCATAAGAGGGCCTT,TTTT,-1,0.4931192660550459,40,train
enCas12a,EEF2,ACTTTTTCCATTTCTTCAGAGGGAAACTCAGATG,TTTC,-1,0.2821100917431193,40,train
enCas12a,EEF2,AGACTTTCCAGCGCATCGTGGAGAACGTGAACGT,TTTC,-1,0.9013761467889885,40,train
enCas12a,EEF2,CACTTTTTCCATTTCTTCAGAGGGAAACTCAGAT,TTTT,-1,0.07339449541284404,40,train
enCas12a,EEF2,CAGTTTTGCTGTCTCCTCTTTCTTGAAATTCATG,TTTG,-1,0.568807339449541,40,train
enCas12a,EEF2,CATGTTTGTGGTCAAGGCCTATCTGCCCGTCAAC,TTTG,-1,0.7798165137614663,40,train
enCas12a,EEF2,CCAGTTTGATGTCCAGTTTCTCTATCAGTTTTGC,TTTG,-1,0.7706422018348609,40,train
enCas12a,EEF2,CCATTTTGGAAATATACATCATAAGAGGGCCTTT,TTTG,-1,0.7752293577981636,40,train
enCas12a,EEF2,CCCCTTTCTGGGGCAAAAGCCACTGCGGGCCATG,TTTC,-1,0.1926605504587156,40,train
enCas12a,EEF2,CCTCTTTCTTGAAATTCATGATCGCATCAAACAC,TTTC,-1,0.9403669724770617,40,train
enCas12a,EEF2,CGCCTTTATCGATGTCCTCGGCCAGGCCGTCGGG,TTTA,-1,0.8211009174311908,40,train
enCas12a,EEF2,CGCCTTTGGACGAGTCTTCTCGGGGCTGGTCTCC,TTTG,-1,0.7110091743119255,40,train
enCas12a,EEF2,CTAATTTTAACAAACGCATTAAGAGGTTTATTTG,TTTT,-1,0.3853211009174312,40,train
enCas12a,EEF2,CTACTTTCTTGGCCCGCTCGGCAGGCCCCAACTG,TTTC,-1,0.4357798165137615,40,train
enCas12a,EEF2,CTTCTTTCAGGCCCTTGCGCTTGCGGGTCTCCGC,TTTC,-1,0.29357798165137616,40,train
enCas12a,EEF2,CTTCTTTGTCCTTGTCCTCGCTGTCCAGTTTGAT,TTTG,-1,0.6605504587155955,40,train
enCas12a,EEF2,GAGGTTTATTTGGGTACATGGCCCGCAGTGGCTT,TTTA,-1,0.20642201834862386,40,train
enCas12a,EEF2,GCAGTTTGCCGAGATGTATGTGGCCAAGTTCGCC,TTTG,-1,0.8899082568807317,40,train
enCas12a,EEF2,GGCTTTTGCCCCAGAAAGGGGAAAGGAACACGCG,TTTG,-1,0.10550458715596331,40,train
enCas12a,EEF2,GGGCTTTGGGTCTGGCCTCCACGGGTGGGCCTTC,TTTG,-1,0.6903669724770631,40,train
enCas12a,EEF2,GGGGTTTGCCTTCTTTGTCCTTGTCCTCGCTGTC,TTTG,-1,0.7278287461773688,40,train
enCas12a,EEF2,GGGGTTTTGAACAGGAAGCGGGGCCACGTGTTCG,TTTT,-1,0.935779816513759,40,train
enCas12a,EEF2,GGGTTTTGAACAGGAAGCGGGGCCACGTGTTCGA,TTTG,-1,0.619266055045871,40,train
enCas12a,EEF2,GGTGTTTGATGCGATCATGAATTTCAAGAAAGAG,TTTG,-1,0.8692660550458695,40,train
enCas12a,EEF2,GTACTTTGACCCAGCCAACGGCAAGTTCAGCAAG,TTTG,-1,0.5825688073394492,40,train
enCas12a,EEF2,GTGCTTTGGGCCCGACGGCACCGGCCCCAACATC,TTTG,-1,0.4678899082568807,40,train
enCas12a,EEF2,TAATTTTAACAAACGCATTAAGAGGTTTATTTGG,TTTA,-1,0.21100917431192662,40,train
enCas12a,EEF2,TATATTTCCAAAATGGTGCCAACCTCCGACAAAG,TTTC,-1,0.28440366972477066,40,train
enCas12a,EEF2,TCAGTTTTGCTGTCTCCTCTTTCTTGAAATTCAT,TTTT,-1,0.6376146788990819,40,train
enCas12a,EEF2,TCCATTTCTTCAGAGGGAAACTCAGATGTCCAAA,TTTC,-1,0.1834862385321101,40,train
enCas12a,EEF2,TGAATTTCAAGAAAGAGGAGACAGCAAAACTGAT,TTTC,-1,0.8103975535168179,40,train
enCas12a,EEF2,TGAGTTTCCCTCTGAAGAAATGGAAAAAGTGTTG,TTTC,-1,0.41284403669724773,40,train
enCas12a,EEF2,TGCGTTTGTTAAAATTAGTTTGGACATCTGAGTT,TTTG,-1,0.24311926605504589,40,train
enCas12a,EEF2,TGGCTTTTGCCCCAGAAAGGGGAAAGGAACACGC,TTTT,-1,0.020642201834862386,40,train
enCas12a,EEF2,TGTGTTTGACCACTGGCAGATCCTGCCCGGAGAC,TTTG,-1,0.8256880733944936,40,train
enCas12a,EEF2,TTAGTTTGGACATCTGAGTTTCCCTCTGAAGAAA,TTTG,-1,0.19036697247706424,40,train
enCas12a,EEF2,TTCCTTTCCCCTTTCTGGGGCAAAAGCCACTGCG,TTTC,-1,0.26605504587155965,40,train
enCas12a,EEF2,TTTATTTGGGTACATGGCCCGCAGTGGCTTTTGC,TTTG,-1,0.21100917431192662,40,train
enCas12a,HNRNPU,AAAATTTCGCTTCTTTCGGGCAGCAATCTCAATA,TTTC,-1,0.909482758620687,87,train
enCas12a,HNRNPU,AAACTTTACCCTCCCAGAGGTAGCTGAGTGCTTT,TTTA,-1,0.52155172413793,87,train
enCas12a,HNRNPU,AAACTTTTCTCCATAATCTTCAGTCTCACAGTTG,TTTT,-1,0.12607758620689655,87,train
enCas12a,HNRNPU,AAAGTTTGATGAAAATGATGTGATTACATGTTTT,TTTG,-1,0.7155172413793085,87,train
enCas12a,HNRNPU,AACTTTTCTCCATAATCTTCAGTCTCACAGTTGC,TTTC,-1,0.7744252873563198,87,train
enCas12a,HNRNPU,AATCTTTCTTCTCTTCAGGCCCCTTTGGTCCTCT,TTTC,-1,0.6142241379310331,87,train
enCas12a,HNRNPU,ACATTTTTCTCCTCTGGGCAGCAGCAGACACATT,TTTT,-1,0.4493534482758614,87,train
enCas12a,HNRNPU,AGAATTTTCTTATGGGTATTCTCTAAAAGGAATA,TTTT,-1,0.6950431034482741,87,train
enCas12a,HNRNPU,AGAGTTTTTGGGCTTCTTCCTTCTGAAGTTCAAC,TTTT,-1,0.1681034482758621,87,train
enCas12a,HNRNPU,AGCCTTTTTGCTTTCTTCCTTATATTGCTCCAAG,TTTT,-1,0.00646551724137931,87,train
enCas12a,HNRNPU,AGCTTTTCGCTGGAAGCCTGCAAACAGGCACATT,TTTC,-1,0.7553879310344808,87,train
enCas12a,HNRNPU,AGCTTTTTTACATTAACAGGCGAGGAACTCATGG,TTTT,-1,0.09051724137931033,87,train
enCas12a,HNRNPU,AGGGTTTCCAGGAAGGGGAAGATGAGCTCGGGGA,TTTC,-1,0.27586206896551724,87,train
enCas12a,HNRNPU,AGGTTTTAAGAAGCAAATGGCAGATACTGGAAAA,TTTA,-1,0.4428879310344821,87,train
enCas12a,HNRNPU,AGTATTTGTGCCAAGAATGTTATATTTCCCTGGA,TTTG,-1,0.15517241379310348,87,train
enCas12a,HNRNPU,AGTTTTTCCAGCTCCTGGCAAGCCAATCATCATC,TTTC,-1,0.8599137931034457,87,train
enCas12a,HNRNPU,AGTTTTTGGGCTTCTTCCTTCTGAAGTTCAACAT,TTTG,-1,0.7715517241379289,87,train
enCas12a,HNRNPU,ATACTTTCATCCAGAACGTCCCCTTAGAGGATCG,TTTC,-1,0.6088362068965504,87,train
enCas12a,HNRNPU,ATATTTTCCAATACCTGAAGAGTATACTTTCATC,TTTC,-1,0.9525862068965488,87,train
enCas12a,HNRNPU,ATATTTTGAGTACATTGAAGAGAACAAGTATAGC,TTTG,-1,0.7887931034482737,87,train
enCas12a,HNRNPU,ATCTTTTGTATATAAATGCCTTACTGGGATCTTC,TTTG,-1,0.6918103448275845,87,train
enCas12a,HNRNPU,CACATTTTTCTCCTCTGGGCAGCAGCAGACACAT,TTTT,-1,0.14547413793103448,87,train
enCas12a,HNRNPU,CAGCTTTTCGCTGGAAGCCTGCAAACAGGCACAT,TTTT,-1,0.01831896551724138,87,train
enCas12a,HNRNPU,CAGCTTTTTTACATTAACAGGCGAGGAACTCATG,TTTT,-1,0.04094827586206898,87,train
enCas12a,HNRNPU,CAGGTTTTAAGAAGCAAATGGCAGATACTGGAAA,TTTT,-1,0.32758620689655155,87,train
enCas12a,HNRNPU,CAGTTTTCCAGTATCTGCCATTTGCTTCTTAAAA,TTTC,-1,0.4568965517241372,87,train
enCas12a,HNRNPU,CATATTTTCCAATACCTGAAGAGTATACTTTCAT,TTTT,-1,0.20689655172413804,87,train
enCas12a,HNRNPU,CATTTTTCTCCTCTGGGCAGCAGCAGACACATTT,TTTC,-1,0.956896551724135,87,train
enCas12a,HNRNPU,CCAGTTTAACAGAGGTGGTGGCCATAGAGGACGT,TTTA,-1,0.18857758620689657,87,train
enCas12a,HNRNPU,CCCCTTTGGTCCTCTAACTCGATCCTCTAAGGGG,TTTG,-1,0.6336206896551709,87,train
enCas12a,HNRNPU,CCTCTTTTTATCTCCGCCTTTCTGTTCTGTTTTG,TTTT,-1,0.07543103448275862,87,train
enCas12a,HNRNPU,CCTGTTTGCAGGCTTCCAGCGAAAAGCTGTTGTA,TTTG,-1,0.7456896551724118,87,train
enCas12a,HNRNPU,CCTGTTTTTCCTGGCCGTGGTAGTTACTCAAACA,TTTT,-1,0.42672413793103386,87,train
enCas12a,HNRNPU,CCTTTTTGCTTTCTTCCTTATATTGCTCCAAGAG,TTTG,-1,0.5560344827586196,87,train
enCas12a,HNRNPU,CGCCTTTCTGACAAGGGTCTCAAGGCCGAGCTCA,TTTC,-1,0.5129310344827577,87,train
enCas12a,HNRNPU,CTCTTTTTATCTCCGCCTTTCTGTTCTGTTTTGC,TTTT,-1,0.12068965517241374,87,train
enCas12a,HNRNPU,CTGATTTTGAAGGCAACGCCAAGATCTTGTCCAT,TTTT,-1,0.7435344827586188,87,train
enCas12a,HNRNPU,CTGCTTTCTTCTGTGTTCTTTGCTTATAGTCTTC,TTTC,-1,0.6314655172413779,87,train
enCas12a,HNRNPU,CTGTTTTGCCGTCCCCTAAAACACACACGAGCCC,TTTG,-1,0.3394396551724136,87,train
enCas12a,HNRNPU,CTGTTTTTCCTGGCCGTGGTAGTTACTCAAACAG,TTTT,-1,0.2467672413793105,87,train
enCas12a,HNRNPU,CTTCTTTCGGGCAGCAATCTCAATAAATTTCCCA,TTTC,-1,0.9051724137931008,87,train
enCas12a,HNRNPU,CTTTTTTACATTAACAGGCGAGGAACTCATGGTG,TTTA,-1,0.36422413793103414,87,train
enCas12a,HNRNPU,GAAATTTATTGAGATTGCTGCCCGAAAGAAGCGA,TTTA,-1,0.864224137931032,87,train
enCas12a,HNRNPU,GAAATTTCCACCACGCATATTGAATCCTCCACGT,TTTC,-1,0.37607758620689613,87,train
enCas12a,HNRNPU,GAACTTTGAAAGTGATGAAGTAGAACTCTCGTAT,TTTG,-1,0.6400862068965503,87,train
enCas12a,HNRNPU,GAATTTTCTTATGGGTATTCTCTAAAAGGAATAA,TTTC,-1,0.7661637931034462,87,train
enCas12a,HNRNPU,GAGTTTTTGGGCTTCTTCCTTCTGAAGTTCAACA,TTTT,-1,0.32974137931034464,87,train
enCas12a,HNRNPU,GATATTTTGAGTACATTGAAGAGAACAAGTATAG,TTTT,-1,0.6939655172413776,87,train
enCas12a,HNRNPU,GATTTTTGTAGCCACGATTGTTTCCTCGTCCTCT,TTTG,-1,0.10344827586206894,87,train
enCas12a,HNRNPU,GCCTTTTGACACACCATAGGATGCTCTTCCTCCA,TTTG,-1,0.9109195402298823,87,train
enCas12a,HNRNPU,GCCTTTTTGCTTTCTTCCTTATATTGCTCCAAGA,TTTT,-1,0.04956896551724139,87,train
enCas12a,HNRNPU,GCTTTTTTACATTAACAGGCGAGGAACTCATGGT,TTTT,-1,0.3304597701149423,87,train
enCas12a,HNRNPU,GGATTTTCTGCTGCATGTTTAGTAACCCAGGTAG,TTTC,-1,0.9547413793103419,87,train
enCas12a,HNRNPU,GGCATTTATATACAAAAGATATTGACATACATGA,TTTA,-1,0.7370689655172394,87,train
enCas12a,HNRNPU,GGCTTTTCCTTCTGACCAAAATTAAATTCAACTG,TTTC,-1,0.8577586206896527,87,train
enCas12a,HNRNPU,GGTCTTTCCCCTCTACTTCTGCTTTCTTCTGTGT,TTTC,-1,0.5711206896551713,87,train
enCas12a,HNRNPU,GTAGTTTGCCCAAAAGATGAAGACTATAAGCAAA,TTTG,-1,0.8933189655172388,87,train
enCas12a,HNRNPU,GTAGTTTTTCCAGCTCCTGGCAAGCCAATCATCA,TTTT,-1,0.7715517241379289,87,train
enCas12a,HNRNPU,GTGCTTTGATGAAATAACCTATGTTGAACTTCAG,TTTG,-1,0.7521551724137912,87,train
enCas12a,HNRNPU,GTGTTTTAGGGGACGGCAAAACAGAACAGAAAGG,TTTA,-1,0.32543103448275845,87,train
enCas12a,HNRNPU,GTTATTTCATCAAAGCACTCAGCTACCTCTGGGA,TTTC,-1,0.5732758620689643,87,train
enCas12a,HNRNPU,TAAATTTCCCAAGACACTGGGGGGCTCTCTGCAA,TTTC,-1,0.842672413793101,87,train
enCas12a,HNRNPU,TACATTTTAAAATATCAAGAGATCGTCTCAGTGC,TTTT,-1,0.8060344827586184,87,train
enCas12a,HNRNPU,TAGTTTTTCCAGCTCCTGGCAAGCCAATCATCAT,TTTT,-1,0.5344827586206886,87,train
enCas12a,HNRNPU,TATCTTTTGTATATAAATGCCTTACTGGGATCTT,TTTT,-1,0.6551724137931019,87,train
enCas12a,HNRNPU,TCAGTTTTCCAGTATCTGCCATTTGCTTCTTAAA,TTTT,-1,0.1681034482758621,87,train
enCas12a,HNRNPU,TCATTTTGAGGACCGCATGTTCTGGTAGGTCTTT,TTTG,-1,0.6271551724137916,87,train
enCas12a,HNRNPU,TCCTTTTAGAGAATACCCATAAGAAAATTCTTCT,TTTA,-1,0.4913793103448267,87,train
enCas12a,HNRNPU,TCTGTTTGAGTAACTACCACGGCCAGGAAAAACA,TTTG,-1,0.5075431034482749,87,train
enCas12a,HNRNPU,TCTGTTTTGCCGTCCCCTAAAACACACACGAGCC,TTTT,-1,0.29418103448275856,87,train
enCas12a,HNRNPU,TGATTTTGAAGGCAACGCCAAGATCTTGTCCATT,TTTG,-1,0.5797413793103436,87,train
enCas12a,HNRNPU,TGATTTTTGTAGCCACGATTGTTTCCTCGTCCTC,TTTT,-1,0.07974137931034483,87,train
enCas12a,HNRNPU,TGCCTTTTGACACACCATAGGATGCTCTTCCTCC,TTTT,-1,0.6594827586206881,87,train
enCas12a,HNRNPU,TGCTTTTCTTTGAGCCAGTGTTCTGTTTCTTTTC,TTTC,-1,0.23491379310344845,87,train
enCas12a,HNRNPU,TGCTTTTCTTTGGGCTGGAGGAAGAGCATCCTAT,TTTC,-1,0.8922413793103422,87,train
enCas12a,HNRNPU,TGGATTTTCTGCTGCATGTTTAGTAACCCAGGTA,TTTT,-1,0.25000000000000006,87,train
enCas12a,HNRNPU,TGGCTTTTCCTTCTGACCAAAATTAAATTCAACT,TTTT,-1,0.06465517241379311,87,train
enCas12a,HNRNPU,TGTGTTTTAGGGGACGGCAAAACAGAACAGAAAG,TTTT,-1,0.2834051724137929,87,train
enCas12a,HNRNPU,TGTTTTTCCTGGCCGTGGTAGTTACTCAAACAGA,TTTC,-1,0.5193965517241369,87,train
enCas12a,HNRNPU,TTAATTTTGGTCAGAAGGAAAAGCCATATTTTCC,TTTT,-1,0.21551724137931047,87,train
enCas12a,HNRNPU,TTCATTTTGAGGACCGCATGTTCTGGTAGGTCTT,TTTT,-1,0.5617816091954011,87,train
enCas12a,HNRNPU,TTCCTTTTAGAGAATACCCATAAGAAAATTCTTC,TTTT,-1,0.21982758620689669,87,train
enCas12a,HNRNPU,TTGATTTTTGTAGCCACGATTGTTTCCTCGTCCT,TTTT,-1,0.05316091954022989,87,train
enCas12a,HNRNPU,TTGCTTTCTTCCTTATATTGCTCCAAGAGTTTTT,TTTC,-1,0.6594827586206881,87,train
enCas12a,HNRNPU,TTGCTTTTCTTTGAGCCAGTGTTCTGTTTCTTTT,TTTT,-1,0.11206896551724134,87,train
enCas12a,HNRNPU,TTGCTTTTCTTTGGGCTGGAGGAAGAGCATCCTA,TTTT,-1,0.7887931034482737,87,train
enCas12a,HNRNPU,TTTCTTTGGGCTGGAGGAAGAGCATCCTATGGTG,TTTG,-1,0.8943965517241352,87,train
enCas12a,HPRT1,ACCCTTTCCAAATCCTCAGCATAATGATTAGGTA,TTTC,1,0.4830508474576272,21,train
enCas12a,HPRT1,ACTATTTCTATTCAGTGCTTTGATGTAATCCAGC,TTTC,1,0.6525423728813557,21,train
enCas12a,HPRT1,AGAATTTATAGCCCCCCTTGAGCACACAGAGGGC,TTTA,1,0.7669491525423724,21,train
enCas12a,HPRT1,AGACTTTGCTTTCCTTGGTCAGGCAGTATAATCC,TTTG,1,0.27118644067796616,21,train
enCas12a,HPRT1,AGGATTTGGAAAGGGTGTTTATTCCTCATGGACT,TTTG,1,0.9322033898305075,21,train
enCas12a,HPRT1,ATTCTTTGCTGACCTGCTGGATTACATCAAAGCA,TTTG,1,0.3516949152542374,21,train
enCas12a,HPRT1,CAAGTTTGTTGTAGGATATGCCCTTGACTATAAT,TTTG,1,0.5084745762711866,21,train
enCas12a,HPRT1,CATCTTTGGATTATACTGCCTGACCAAGGAAAGC,TTTG,1,0.47457627118644075,21,train
enCas12a,HPRT1,CATGTTTGTGTCATTAGTGAAACTGGAAAAGCAA,TTTG,1,0.7330508474576267,21,train
enCas12a,HPRT1,GGTGTTTATTCCTCATGGACTAATTATGGACAGG,TTTA,1,0.8474576271186434,21,train
enCas12a,HPRT1,GTGCTTTGATGTAATCCAGCAGGTCAGCAAAGAA,TTTG,1,0.7330508474576267,21,train
enCas12a,HPRT1,TACCTTTCCAGTTAAAGTTGAGAGATCATCTCCA,TTTC,1,0.27118644067796616,21,train
enCas12a,HPRT1,TACTTTTATGTCCCCTGTTGACTGGTCATTCTAG,TTTA,1,0.49152542372881375,21,train
enCas12a,HPRT1,TAGATTTTATCAGACTGAAGAGCTATTGTGTGAG,TTTT,1,0.20338983050847462,21,train
enCas12a,HPRT1,TGCTTTTCCAGTTTCACTAATGACACAAACATGC,TTTC,1,0.8728813559322026,21,train
enCas12a,HPRT1,TGGATTTGAAATTCCAGACAAGTTTGTTGTAGGA,TTTG,1,0.3474576271186442,21,train
enCas12a,HPRT1,TTACTTTTATGTCCCCTGTTGACTGGTCATTCTA,TTTT,1,0.3898305084745764,21,train
enCas12a,HPRT1,TTATTTTGCATACCTAATCATTATGCTGAGGATT,TTTG,1,0.09322033898305085,21,train
enCas12a,HPRT1,TTGCTTTCCTTGGTCAGGCAGTATAATCCAAAGA,TTTC,1,0.5338983050847457,21,train
enCas12a,HPRT1,TTGCTTTTCCAGTTTCACTAATGACACAAACATG,TTTT,1,0.1610169491525424,21,train
enCas12a,HPRT1,TTTATTTTGCATACCTAATCATTATGCTGAGGAT,TTTT,1,0.025423728813559324,21,train
enCas12a,KPNB1,AAAGTTTGCTTTGGTGAACTCCAATGAGTTCAGG,TTTG,-1,0.6717948717948705,71,train
enCas12a,KPNB1,AAATTTTCCAGAAGCAGCTGCATCACCTCGTCAC,TTTC,-1,0.8170940170940153,71,train
enCas12a,KPNB1,AAGTTTTATGCGAAGGGAGCACTACAGTATCTGG,TTTA,-1,0.835897435897434,71,train
enCas12a,KPNB1,AATTTTTTAATCCAATGCCCAGGAAGGGTTTAAA,TTTT,-1,0.09743589743589742,71,train
enCas12a,KPNB1,ACAATTTCCATCAGAGATTCATATGCAGAACTCC,TTTC,-1,0.752564102564101,71,train
enCas12a,KPNB1,ACTCTTTGACATCTAAAGATCCAGATATCAAGGC,TTTG,-1,0.14743589743589747,71,train
enCas12a,KPNB1,ACTGTTTCCTGGATTTGCCAGCACTCTGGACAGT,TTTC,-1,0.8307692307692289,71,train
enCas12a,KPNB1,ACTGTTTTTCACAATTTCCATCAGAGATTCATAT,TTTT,-1,0.05641025641025642,71,train
enCas12a,KPNB1,AGAATTTATTCTGTCTTTCATTGACCACATTGCT,TTTA,-1,0.905128205128203,71,train
enCas12a,KPNB1,AGAATTTGTGAGCTGCTTCCTGAAGCTGCCATCA,TTTG,-1,0.406410256410256,71,train
enCas12a,KPNB1,AGAGTTTAAAAAATACTTAGAGGTTGTATTGAAT,TTTA,-1,0.5179487179487172,71,train
enCas12a,KPNB1,AGCATTTGGGAAGGATGTACTGAAATTAGTAGAA,TTTG,-1,0.6205128205128194,71,train
enCas12a,KPNB1,AGGCTTTCTCCAGTCTGGCTGAAGCTGCTTATGA,TTTC,-1,0.8461538461538443,71,train
enCas12a,KPNB1,AGGGTTTAAAGGCCTCCATGTACTTGAGGAATTC,TTTA,-1,0.6756410256410244,71,train
enCas12a,KPNB1,AGGGTTTCACCATGTTGGACAGGATGGTCTCGAT,TTTC,-1,0.835897435897434,71,train
enCas12a,KPNB1,AGGGTTTTTGCTTTGTTAGTCTTCGATCTCCGCC,TTTT,-1,0.023076923076923078,71,train
enCas12a,KPNB1,AGGTTTTGCAGACATTGGGTACAGAAACTTACCG,TTTG,-1,0.22564102564102578,71,train
enCas12a,KPNB1,AGTATTTTTTAAACTCTCCTCCAATAGCAAGGGC,TTTT,-1,0.08076923076923077,71,train
enCas12a,KPNB1,AGTGTTTGGTGATATTGCCCTTGCTATTGGAGGA,TTTG,-1,0.7051282051282037,71,train
enCas12a,KPNB1,ATAATTTTTTAATCCAATGCCCAGGAAGGGTTTA,TTTT,-1,0.020512820512820516,71,train
enCas12a,KPNB1,ATATTTTTATATAGGATGAAGAACTTGGGGTAAA,TTTT,-1,0.1452991452991453,71,train
enCas12a,KPNB1,ATGCTTTGCAGATCTCTGATGTGGTTATGGCCTC,TTTG,-1,0.6089743589743579,71,train
enCas12a,KPNB1,ATTTTTTAAACTCTCCTCCAATAGCAAGGGCAAT,TTTA,-1,0.7743589743589727,71,train
enCas12a,KPNB1,ATTTTTTAATCCAATGCCCAGGAAGGGTTTAAAG,TTTA,-1,0.4307692307692303,71,train
enCas12a,KPNB1,CAAATTTTCCAGAAGCAGCTGCATCACCTCGTCA,TTTT,-1,0.27435897435897444,71,train
enCas12a,KPNB1,CAAGTTTTATGCGAAGGGAGCACTACAGTATCTG,TTTT,-1,0.507692307692307,71,train
enCas12a,KPNB1,CACATTTGAAGCCACTCTGGGTTCAGCACTGAGA,TTTG,-1,0.2948717948717949,71,train
enCas12a,KPNB1,CAGCTTTCCCTTAGCTCATTCAGATAATCCACCA,TTTC,-1,0.3948717948717945,71,train
enCas12a,KPNB1,CAGGTTTGTTTGGCAGCTGTGGGCTTAGTGGGAG,TTTG,-1,0.34102564102564087,71,train
enCas12a,KPNB1,CAGGTTTTGCAGACATTGGGTACAGAAACTTACC,TTTT,-1,0.22307692307692323,71,train
enCas12a,KPNB1,CATATTTTTATATAGGATGAAGAACTTGGGGTAA,TTTT,-1,0.09230769230769231,71,train
enCas12a,KPNB1,CCACTTTCCTTGTGGAACTGTCCAGAGTGCTGGC,TTTC,-1,0.8666666666666647,71,train
enCas12a,KPNB1,CCCCTTTAATCCCTGGACGATTCCAGTATAGGCT,TTTA,-1,0.692307692307691,71,train
enCas12a,KPNB1,CCTCTTTATCAAAGTTTGCTTTGGTGAACTCCAA,TTTA,-1,0.49230769230769167,71,train
enCas12a,KPNB1,CCTGTTTAGTTAGTGTCTGTGTGAGGATTGGAAC,TTTA,-1,0.7256410256410242,71,train
enCas12a,KPNB1,CGACTTTGGTCATCATGGAACGACTGCAACAGGT,TTTG,-1,0.6538461538461526,71,train
enCas12a,KPNB1,CTAATTTCAGTACATCCTTCCCAAATGCTGTACA,TTTC,-1,0.9076923076923056,71,train
enCas12a,KPNB1,CTGCTTTACAGAATCTGGTGAAGATAATGTCCTT,TTTA,-1,0.8282051282051264,71,train
enCas12a,KPNB1,CTGCTTTGCAGGGGTTCCAGTCATCGTCATCATC,TTTG,-1,0.2666666666666668,71,train
enCas12a,KPNB1,CTGGTTTACTGGGATCTCTGCACAAGCAATACCA,TTTA,-1,0.6589743589743577,71,train
enCas12a,KPNB1,CTGTTTTTCACAATTTCCATCAGAGATTCATATG,TTTT,-1,0.0564102564102564,71,train
enCas12a,KPNB1,CTTCTTTCCTCATCCCCTGGATTATGGCAGTCAG,TTTC,-1,0.6222222222222211,71,train
enCas12a,KPNB1,GATCTTTAGATGTCAAAGAGTTCTTGATTTGTAG,TTTA,-1,0.9025641025641005,71,train
enCas12a,KPNB1,GCACTTTATTATGCAGGTGGTCTGTGAAGCCACA,TTTA,-1,0.8461538461538443,71,train
enCas12a,KPNB1,GGCCTTTAAACCCTTCCTGGGCATTGGATTAAAA,TTTA,-1,0.7179487179487165,71,train
enCas12a,KPNB1,GGCTTTTGGTTGTATCTTGGAAGGACCAGAGCCC,TTTG,-1,0.1743589743589744,71,train
enCas12a,KPNB1,GGGGTTTGTGACATTGGCCACCAGCTGAGGAATG,TTTG,-1,0.6743589743589731,71,train
enCas12a,KPNB1,GGGTTTTTGCTTTGTTAGTCTTCGATCTCCGCCC,TTTT,-1,0.3384615384615383,71,train
enCas12a,KPNB1,GGTCTTTCATTAATTCTATTAGGGTGGGCATAGC,TTTC,-1,0.2923076923076923,71,train
enCas12a,KPNB1,GGTTTTTGCTTTGTTAGTCTTCGATCTCCGCCCT,TTTG,-1,0.32051282051282043,71,train
enCas12a,KPNB1,GTATTTTTTAAACTCTCCTCCAATAGCAAGGGCA,TTTT,-1,0.24358974358974367,71,train
enCas12a,KPNB1,GTCGTTTTCTGGACAGCAGGATAACAATCCTTGG,TTTT,-1,0.44957264957264903,71,train
enCas12a,KPNB1,GTGCTTTGGAACATCCTTAACAGGGAGGCCATAA,TTTG,-1,0.6538461538461526,71,train
enCas12a,KPNB1,GTGGTTTGAGCTGACTGGGCTCTGGTCCTTCCAA,TTTG,-1,0.39999999999999963,71,train
enCas12a,KPNB1,GTTCTTTAATGAAGGGGAGGACATGTGGGACAAT,TTTA,-1,0.5397435897435889,71,train
enCas12a,KPNB1,TAAGTTTCTGTACCCAATGTCTGCAAAACCTGCA,TTTC,-1,0.6786324786324773,71,train
enCas12a,KPNB1,TAATTTTTTAATCCAATGCCCAGGAAGGGTTTAA,TTTT,-1,0.09743589743589744,71,train
enCas12a,KPNB1,TACCTTTCTGTGACGAGGTGATGCAGCTGCTTCT,TTTC,-1,0.8222222222222204,71,train
enCas12a,KPNB1,TATTTTTTAAACTCTCCTCCAATAGCAAGGGCAA,TTTT,-1,0.18974358974358968,71,train
enCas12a,KPNB1,TCCATTTCCTCATCACAGACATTGGACCAGAATT,TTTC,-1,0.7807692307692291,71,train
enCas12a,KPNB1,TCGTTTTCTGGACAGCAGGATAACAATCCTTGGC,TTTC,-1,0.8692307692307673,71,train
enCas12a,KPNB1,TGGATTTGCCAGCACTCTGGACAGTTCCACAAGG,TTTG,-1,0.7102564102564088,71,train
enCas12a,KPNB1,TGGCTTTACAAGGGATAGAATTCTGGTCCAATGT,TTTA,-1,0.8025641025641008,71,train
enCas12a,KPNB1,TGGCTTTTGGTTGTATCTTGGAAGGACCAGAGCC,TTTT,-1,0.20256410256410268,71,train
enCas12a,KPNB1,TGTCTTTCATTGACCACATTGCTGGAGATGAGGA,TTTC,-1,0.7076923076923063,71,train
enCas12a,KPNB1,TGTTTTTCACAATTTCCATCAGAGATTCATATGC,TTTC,-1,0.5025641025641019,71,train
enCas12a,KPNB1,TTCATTTGAACTCATAGTTCAGAAGCTCCTAGAG,TTTG,-1,0.5974358974358964,71,train
enCas12a,KPNB1,TTGATTTGTAGACCAGCTGCAACTCTGGCAACCT,TTTG,-1,0.7012820512820499,71,train
enCas12a,KPNB1,TTGCTTTGGTGAACTCCAATGAGTTCAGGAGTGC,TTTG,-1,0.10384615384615384,71,train
enCas12a,KPNB1,TTGCTTTGTTAGTCTTCGATCTCCGCCCTTCAGT,TTTG,-1,0.4205128205128201,71,train
enCas12a,KPNB1,TTTGTTTGGCAGCTGTGGGCTTAGTGGGAGACTT,TTTG,-1,0.4307692307692303,71,train
enCas12a,MED12,AACCTTTTCCAGACTGTCTGACTGGCGCTCCCCC,TTTT,1,0.8309608540925246,99,train
enCas12a,MED12,AAGGTTTCAATAACCAGCCTGCTGTCTCTGGGGA,TTTC,1,0.1725978647686832,99,train
enCas12a,MED12,AATCTTTGGATTGGGACCTAGCAAGGATGGGCAT,TTTG,1,0.5738434163701054,99,train
enCas12a,MED12,ACCTTTTCAAGACACCGCAGCTCAATCCTTGCCA,TTTC,1,0.40569395017793514,99,train
enCas12a,MED12,ACCTTTTCCAGACTGTCTGACTGGCGCTCCCCCA,TTTC,1,0.47864768683273917,99,train
enCas12a,MED12,ACCTTTTTGGCTAGTTGCGTGAGTGGCTTGGTGC,TTTT,1,0.23843416370106735,99,train
enCas12a,MED12,ACTGTTTGGGGTGGGAAAGCAGCGAGATGATGCC,TTTG,1,0.5610913404507698,99,train
enCas12a,MED12,AGCCTTTAACACATGTCCCTGGACTGAGGTGGGC,TTTA,1,0.4466192170818496,99,train
enCas12a,MED12,AGCCTTTTTCTCAGGCTCTAGCAGGGTAGGAGCA,TTTT,1,0.07918149466192162,99,train
enCas12a,MED12,AGGATTTGAGAAGCAGCTCAGCCTCAACTACACT,TTTG,1,0.6316725978647673,99,train
enCas12a,MED12,AGGGTTTGGGTGGTGCAGGAGGTCCGGAGGCACT,TTTG,1,0.44572953736654713,99,train
enCas12a,MED12,AGGTTTTCACACCAGACACTGCAGCAGACACCCA,TTTC,1,0.11832740213523132,99,train
enCas12a,MED12,AGGTTTTCCAACAGTCAGCAGAGACAGGGTCATC,TTTC,1,0.651245551601422,99,train
enCas12a,MED12,AGTGTTTGCTCCTGGAAGATCTGATTCGCTGTGC,TTTG,1,0.9359430604982182,99,train
enCas12a,MED12,AGTGTTTTGAGAAGATCCGCCCTGGAGAGGATGA,TTTT,1,0.06227758007117439,99,train
enCas12a,MED12,ATACTTTGGAAGTGCTGGACAGCCATAGTTTTGA,TTTG,1,0.8967971530249087,99,train
enCas12a,MED12,ATAGTTTTGAACGCTCTGACTTCAGCAACTCTCT,TTTT,1,0.26156583629893204,99,train
enCas12a,MED12,ATCTTTTTGAGGGGTTGAAGCCGTCAGCACCACT,TTTT,1,0.29448398576512413,99,train
enCas12a,MED12,ATGTTTTCTCCCACAACATGTATACTTGCACTCT,TTTC,1,0.7615658362989305,99,train
enCas12a,MED12,ATTCTTTAACTTAGTACTGCTGTTCTGTGAACTG,TTTA,1,0.9056939501779335,99,train
enCas12a,MED12,CAAATTTGTTCTTTAAATGGCTACAGGAGGTGTA,TTTG,1,0.27876631079478,99,train
enCas12a,MED12,CACCTTTCACATTATGACCAACACCAGGTCACGG,TTTC,1,0.7313167259786459,99,train
enCas12a,MED12,CACCTTTTCAAGACACCGCAGCTCAATCCTTGCC,TTTT,1,0.17793594306049804,99,train
enCas12a,MED12,CAGCTTTGGTCCGGCAACTTCAACAACAGCTCTC,TTTG,1,0.013048635824436536,99,train
enCas12a,MED12,CAGCTTTGTCTGCAATGCCCTTATGCACGTCTGT,TTTG,1,0.6708185053380766,99,train
enCas12a,MED12,CAGGTTTCCACCAAACAGAAGATCTCGCCCTGGG,TTTC,1,0.6085409252669025,99,train
enCas12a,MED12,CATATTTGATTCCGATGGCTCCACGTTGCAGTAG,TTTG,1,0.6779359430604965,99,train
enCas12a,MED12,CATGTTTGACACGGTGCAGCGCAGCACCCAGCAG,TTTG,1,0.5160142348754437,99,train
enCas12a,MED12,CCAGTTTCTGCTGTCCCTTTGCGGTTCAGAACCT,TTTC,1,0.6903914590747314,99,train
enCas12a,MED12,CCATTTTCAGTAAGAAGGAAGAGGTGTTTGGGTA,TTTC,1,0.7419928825622757,99,train
enCas12a,MED12,CCATTTTCCAGGATGTCCTCCTGCAGTTTCTGGA,TTTC,1,0.6832740213523115,99,train
enCas12a,MED12,CCCATTTTCAGTAAGAAGGAAGAGGTGTTTGGGT,TTTT,1,0.5195729537366537,99,train
enCas12a,MED12,CCCATTTTCCAGGATGTCCTCCTGCAGTTTCTGG,TTTT,1,0.7295373665480409,99,train
enCas12a,MED12,CCGCTTTCCTGCCTCAGGATGAACTGACGGCCTT,TTTC,1,0.7775800711743752,99,train
enCas12a,MED12,CCTTTTTCTCAGGCTCTAGCAGGGTAGGAGCAGG,TTTC,1,0.26868327402135195,99,train
enCas12a,MED12,CCTTTTTGGCTAGTTGCGTGAGTGGCTTGGTGCC,TTTG,1,0.47449584816132756,99,train
enCas12a,MED12,CGACTTTTGCTCAAAGGTGAAGAACACCATCTAC,TTTT,1,0.10676156583629894,99,train
enCas12a,MED12,CGTGTTTGCTGTTCTCAAGGCTGTGTTTGTACTT,TTTG,1,0.7740213523131654,99,train
enCas12a,MED12,CTACTTTTGTTGCCATCCTCATCGCTCGGCAGTG,TTTT,1,0.4306049822064048,99,train
enCas12a,MED12,CTCATTTGCTATCCACATCGACTGCTGGACAATG,TTTG,1,0.766014234875443,99,train
enCas12a,MED12,CTGCTTTCCCACCCCAAACAGTACGACCAACCGC,TTTC,1,0.9083629893238411,99,train
enCas12a,MED12,CTGCTTTGGTTTGCAATCATCTAAGTACTGGTCA,TTTG,1,0.19928825622775784,99,train
enCas12a,MED12,CTGCTTTTGTCGATCACGTTCTTTGCGTGAAGAG,TTTT,1,0.10587188612099646,99,train
enCas12a,MED12,CTGGTTTGGAACAGTCCGAGTGGACCGGCGAGTG,TTTG,1,0.5080071174377213,99,train
enCas12a,MED12,CTGGTTTTTGGCCTCAGCTGTATCCTACAGGTAG,TTTT,1,0.760676156583628,99,train
enCas12a,MED12,CTTGTTTTACATTCAAGGCCGTCAGTTCATCCTG,TTTT,1,0.3167259786476863,99,train
enCas12a,MED12,CTTGTTTTCCTCCATGCTACCTTGCGAGATGCTA,TTTT,1,0.4341637010676148,99,train
enCas12a,MED12,GACTTTTGCTCAAAGGTGAAGAACACCATCTACT,TTTG,1,0.722419928825621,99,train
enCas12a,MED12,GAGCTTTGCCCTTGGCATGTCATACCACTTGCCT,TTTG,1,0.24199288256227727,99,train
enCas12a,MED12,GAGGTTTTCACACCAGACACTGCAGCAGACACCC,TTTT,1,0.19483985765124534,99,train
enCas12a,MED12,GAGGTTTTCCAACAGTCAGCAGAGACAGGGTCAT,TTTT,1,0.5183867141162504,99,train
enCas12a,MED12,GATCTTTTTGAGGGGTTGAAGCCGTCAGCACCAC,TTTT,1,0.35676156583629826,99,train
enCas12a,MED12,GATGTTTACCCTCAGGACCCCAAACAGAAGGAGG,TTTA,1,0.5026690391459063,99,train
enCas12a,MED12,GATGTTTTCTCCCACAACATGTATACTTGCACTC,TTTT,1,0.7357651245551583,99,train
enCas12a,MED12,GCAGTTTAAGCAATTCATCCTCTCCAGGGCGGAT,TTTA,1,0.722419928825621,99,train
enCas12a,MED12,GCAGTTTAGCAATGAGGGGGGCCACCAGCCATAC,TTTA,1,0.4982206405693939,99,train
enCas12a,MED12,GCAGTTTCTGGATACACAGGCTCCCATGCTGAGT,TTTC,1,0.8060498220640548,99,train
enCas12a,MED12,GCAGTTTGAGTGCCTCATGCATAAGCTGCTTTGG,TTTG,1,0.4608540925266894,99,train
enCas12a,MED12,GCCATTTAAAGAACAAATTTGGGGAGCTCTTCAG,TTTA,1,0.5249110320284686,99,train
enCas12a,MED12,GCCCTTTCAGACATGTTAGCACCAGCGATAAGAA,TTTC,1,0.48932384341636903,99,train
enCas12a,MED12,GCCTTTTTCTCAGGCTCTAGCAGGGTAGGAGCAG,TTTT,1,0.01601423487544484,99,train
enCas12a,MED12,GGAATTTGTTCAGTCTGCATACCTGTCCCGCCGG,TTTG,1,0.8594306049822042,99,train
enCas12a,MED12,GGCATTTATCGAAAGACCAGCGAACTTCAACTGC,TTTA,1,0.5782918149466179,99,train
enCas12a,MED12,GGGGTTTTCCCCATCCTCATTGTCCAGCAGTCGA,TTTT,1,0.48042704626334415,99,train
enCas12a,MED12,GGGTTTTCCCCATCCTCATTGTCCAGCAGTCGAT,TTTC,1,0.7669039145907455,99,train
enCas12a,MED12,GGTCTTTCGATAAATGCCAGGAAGCTACTGCAGG,TTTC,1,0.7473309608540907,99,train
enCas12a,MED12,GGTGTTTGGGTACTTAGCCAAATACACAGTGCCT,TTTG,1,0.5658362989323831,99,train
enCas12a,MED12,GTAATTTCTCTGCAATAATGCTGCTGAAGTTGGA,TTTC,1,0.46619217081850434,99,train
enCas12a,MED12,GTGATTTTCTTGATGGCATGGCGGGCATCATCTC,TTTT,1,0.5385527876631068,99,train
enCas12a,MED12,GTGGTTTCAACGATCTCCTCTGCAATGTTGATGT,TTTC,1,0.638790035587187,99,train
enCas12a,MED12,GTGTTTTGAGAAGATCCGCCCTGGAGAGGATGAA,TTTG,1,0.5017793594306039,99,train
enCas12a,MED12,GTTCTTTAAATGGCTACAGGAGGTGTACAGATCA,TTTA,1,0.6548042704626319,99,train
enCas12a,MED12,GTTCTTTACGACCAGCCACGACACGTGCAGTACG,TTTA,1,0.7105575326215878,99,train
enCas12a,MED12,GTTCTTTGCGTGAAGAGGAACCCAGGTGCTGACC,TTTG,1,0.25266903914590716,99,train
enCas12a,MED12,TACCTTTGAGTGGAGGTCAGTCCATGTCCATAGG,TTTG,1,0.08778173190984583,99,train
enCas12a,MED12,TACCTTTTTGGCTAGTTGCGTGAGTGGCTTGGTG,TTTT,1,0.09252669039145911,99,train
enCas12a,MED12,TACTTTTGTTGCCATCCTCATCGCTCGGCAGTGT,TTTG,1,0.7179715302491085,99,train
enCas12a,MED12,TAGTTTTGAACGCTCTGACTTCAGCAACTCTCTT,TTTG,1,0.45907473309608443,99,train
enCas12a,MED12,TATCTTTGCCTGGAGCTGTTGGCGAAGGCGCTGT,TTTG,1,0.3042704626334515,99,train
enCas12a,MED12,TATCTTTGCTAAGTTCCAGCACCTTTCACATTAT,TTTG,1,0.8623962040332125,99,train
enCas12a,MED12,TATGTTTCTCATGTGGGATTGCAGCAACACACAG,TTTC,1,0.33629893238434105,99,train
enCas12a,MED12,TCCCTTTAGTGACCTGCTTATGTGCCCTCAGCAC,TTTA,1,0.4003558718861202,99,train
enCas12a,MED12,TCCCTTTGATGATCCTGCCGATGACCCAGAGCAC,TTTG,1,0.6432384341636995,99,train
enCas12a,MED12,TCCCTTTGCGGTTCAGAACCTTCAAGATATCCTT,TTTG,1,0.5195729537366537,99,train
enCas12a,MED12,TCCCTTTGTAACCGAATCTTTGGATTGGGACCTA,TTTG,1,0.22330960854092502,99,train
enCas12a,MED12,TCTCTTTGAGGACATGGAGAAGCCTGATTTCTCA,TTTG,1,0.08185053380782921,99,train
enCas12a,MED12,TCTGTTTGGGGTCCTGAGGGTAAACATCGGGAGG,TTTG,1,0.4323843416370098,99,train
enCas12a,MED12,TCTTTTTGAGGGGTTGAAGCCGTCAGCACCACTC,TTTG,1,0.48843416370106657,99,train
enCas12a,MED12,TGATTTTCTTGATGGCATGGCGGGCATCATCTCG,TTTC,1,0.3914590747330953,99,train
enCas12a,MED12,TGCCTTTGGAGCCCCTGGTCCCCGGCCTCCCTCT,TTTG,1,0.8291814946619196,99,train
enCas12a,MED12,TGCGTTTCTTGCCCTTGGTGGACTTCTTCTTGCG,TTTC,1,0.41103202846975007,99,train
enCas12a,MED12,TGCTTTTGTCGATCACGTTCTTTGCGTGAAGAGG,TTTG,1,0.05960854092526692,99,train
enCas12a,MED12,TGGGTTTAGAACCCTCCTCTTATAAGACCTCTGT,TTTA,1,0.45907473309608443,99,train
enCas12a,MED12,TGGTTTTTGGCCTCAGCTGTATCCTACAGGTAGG,TTTT,1,0.8600237247924059,99,train
enCas12a,MED12,TGTATTTGGCTAAGTACCCAAACACCTCTTCCTT,TTTG,1,0.7046263345195712,99,train
enCas12a,MED12,TTGGTTTGCAATCATCTAAGTACTGGTCATCTCG,TTTG,1,0.5925266903914577,99,train
enCas12a,MED12,TTGGTTTGGCACTACTCACTGACTGATAGCAGAA,TTTG,1,0.7072953736654787,99,train
enCas12a,MED12,TTGTTTTACATTCAAGGCCGTCAGTTCATCCTGA,TTTA,1,0.2793594306049818,99,train
enCas12a,MED12,TTGTTTTCCTCCATGCTACCTTGCGAGATGCTAG,TTTC,1,0.5106761565836287,99,train
enCas12a,NF1,AAAATTTATATCTCTCTCAGTTGATTATATTGGA,TTTA,1,0.5425985090521845,346,train
enCas12a,NF1,AAAATTTGGGTAATGAGAACTCTGTCAGACTGAG,TTTG,1,0.681931132410373,346,train
enCas12a,NF1,AAACTTTACGTAAATGTGGGTGCTGTTGTGATGA,TTTA,1,0.39776357827475894,346,train
enCas12a,NF1,AAACTTTGAACTGGTAAGGTTAAGGCTGGACCAG,TTTG,1,0.5452609158679517,346,train
enCas12a,NF1,AAACTTTGGTGTCTTTGTGAGCTAGCTTGAGAGC,TTTG,1,0.5173056443024527,346,train
enCas12a,NF1,AAAGTTTCAGTGTCTGAATCAAATGTTCTCTTGG,TTTC,1,0.4046858359957387,346,train
enCas12a,NF1,AAAGTTTTGATCACTTGATATCAGACACAAAGGC,TTTT,1,0.3879126730564433,346,train
enCas12a,NF1,AAATTTTACTTGCTGTTTGGCATTAGCAAAGTCA,TTTA,1,0.273429179978701,346,train
enCas12a,NF1,AAATTTTTTTCAGCAGCTTCTCCAAATATTCTCT,TTTT,1,0.8189563365282349,346,train
enCas12a,NF1,AACATTTGATTCAGACACTGAAACTTTACGTAAA,TTTG,1,0.29534966276180236,346,train
enCas12a,NF1,AACATTTTCCATTGAAATATCAGTAAGAAGAAGT,TTTT,1,0.11528221512247054,346,train
enCas12a,NF1,AACATTTTGGGAGATTAGGTATATGTACTTTTAT,TTTT,1,0.17465388711395058,346,train
enCas12a,NF1,AACCTTTCTAATTCCATGACCTCACTTGCAACTT,TTTC,1,0.08998935037273681,346,train
enCas12a,NF1,AACCTTTGGGAGAGGACCATGGCTGAGTCTCCTT,TTTG,1,0.09850905218317349,346,train
enCas12a,NF1,AACCTTTTGAATGACTGCAGTGAAGTTGAAGATG,TTTT,1,0.010117145899893508,346,train
enCas12a,NF1,AACTTTTCAGTCATCTGAAGGAGGTTCCGCTGGT,TTTC,1,0.5299964501242499,346,train
enCas12a,NF1,AAGGTTTTTCCTTGATATAGCATCTGATTGTCCT,TTTT,1,0.5228966986155477,346,train
enCas12a,NF1,AAGTTTTCTTTGGTTATAAGCGGCCTCACTACTA,TTTC,1,0.48668796592119123,346,train
enCas12a,NF1,AAGTTTTGAGACTCAGTCTGACAGAGTTCTCATT,TTTG,1,0.6783812566560272,346,train
enCas12a,NF1,AAGTTTTGATCACTTGATATCAGACACAAAGGCT,TTTG,1,0.24893503727369795,346,train
enCas12a,NF1,AATATTTCCCGCAACCACTTGAGAATTTCTGTGC,TTTC,1,0.5340788072417463,346,train
enCas12a,NF1,AATATTTGGAGAAGCTGCTGAAAAAAATTTATAT,TTTG,1,0.504792332268369,346,train
enCas12a,NF1,AATGTTTCTACAGGAGCATCAGGATTCCACAAAT,TTTC,1,0.7257720979765797,346,train
enCas12a,NF1,AATTTTTGGAAGAGTGTATTTCTGGATTTAGCAA,TTTG,1,0.7534611288605001,346,train
enCas12a,NF1,AATTTTTTTCAGCAGCTTCTCCAAATATTCTCTA,TTTT,1,0.7593184238551756,346,train
enCas12a,NF1,ACAATTTCATATGGCTTTGCATAATATGGCTTTA,TTTC,1,0.39510117145899754,346,train
enCas12a,NF1,ACAATTTCTGTGTTTGTTAACCAGAGTTAGTAGT,TTTC,1,0.8320908768193253,346,train
enCas12a,NF1,ACAGTTTCATCAAAACCAGTGCAACAGGTGGCTT,TTTC,1,0.3546325878594237,346,train
enCas12a,NF1,ACAGTTTGACACAGGCAATTGCAGCACTTTCTGT,TTTG,1,0.5090521831735875,346,train
enCas12a,NF1,ACATTTTACATCATCATCTGCTGCTTGGTTTGAT,TTTA,1,0.7444089456869107,346,train
enCas12a,NF1,ACATTTTCCATTGAAATATCAGTAAGAAGAAGTG,TTTC,1,0.3298722044728423,346,train
enCas12a,NF1,ACATTTTTCCAGTGTATCCAATATAATCAACTGA,TTTT,1,0.7066027689030966,346,train
enCas12a,NF1,ACCTTTTAAAAGGTGTCCAACCAATGCAAAGTTA,TTTA,1,0.8019169329073608,346,train
enCas12a,NF1,ACCTTTTCCAGGCTATTTATAACTGCTAACTGCG,TTTC,1,0.46893858714944836,346,train
enCas12a,NF1,ACCTTTTGAATGACTGCAGTGAAGTTGAAGATGA,TTTG,1,0.24227902023429332,346,train
enCas12a,NF1,ACCTTTTGATAAGATGGCAACACTTCTTGCATAC,TTTG,1,0.5521831735889329,346,train
enCas12a,NF1,ACTCTTTGTCGTTTGGCATCATCATTATGCTTGC,TTTG,1,0.44444444444444525,346,train
enCas12a,NF1,ACTGTTTCCAAGGATGTCAAAGCAAAAGTCTCTC,TTTC,1,0.17891373801916888,346,train
enCas12a,NF1,ACTGTTTCTGCAAGTGTGTCAAATTCTGTGCCTT,TTTC,1,0.42385516506922105,346,train
enCas12a,NF1,ACTGTTTGACCAGCATCGTTTCATCTAATCTCAT,TTTG,1,0.2204472843450473,346,train
enCas12a,NF1,ACTGTTTGTTCAGAAGACAATGTTGATGTTCATG,TTTG,1,0.1948881789137375,346,train
enCas12a,NF1,AGAATTTCTGTGCTACTAAGCATTTGATGACTAG,TTTC,1,0.45899893503727557,346,train
enCas12a,NF1,AGAATTTGACACACTTGCAGAAACAGTATTGGCT,TTTG,1,0.7167199148029904,346,train
enCas12a,NF1,AGAATTTTACATACACTACTAACTCTGGTTAACA,TTTT,1,0.4376996805111805,346,train
enCas12a,NF1,AGAATTTTTGGAAGAGTGTATTTCTGGATTTAGC,TTTT,1,0.18423855165069175,346,train
enCas12a,NF1,AGACTTTGGGAAACACAACACTGGCCTCTGCTAA,TTTG,1,0.7044728434504871,346,train
enCas12a,NF1,AGACTTTTGCTTTGACATCCTTGGAAACAGTCAC,TTTT,1,0.20447284345047867,346,train
enCas12a,NF1,AGCATTTAAATTTAAAGCCCTAAAGAAGGTTGCG,TTTA,1,0.6522896698615602,346,train
enCas12a,NF1,AGCATTTGATGACTAGTTAATTTCTTGCAGATGT,TTTG,1,0.12646432374866856,346,train
enCas12a,NF1,AGCCTTTGTGTCTGATATCAAGTGATCAAAACTT,TTTG,1,0.2774227902023465,346,train
enCas12a,NF1,AGCCTTTTGCTACCTTTGAGGCCAGTCAGCAGCC,TTTT,1,0.23269435569755054,346,train
enCas12a,NF1,AGCGTTTCCCTCAGAACAGCATCGGTGCAGTAGG,TTTC,1,0.8331558395456299,346,train
enCas12a,NF1,AGCTTTTATTGATCCCAAGCCACCTGTTGCACTG,TTTA,1,0.4070820021299286,346,train
enCas12a,NF1,AGCTTTTCGTAGACTGTCCAGAAATAACTTCTAC,TTTC,1,0.660276890308845,346,train
enCas12a,NF1,AGGATTTCCTCATCACAACAGCACCCACATTTAC,TTTC,1,0.4893503727369537,346,train
enCas12a,NF1,AGGATTTTTGTCAGAACTTCCATAAATGTAGCTC,TTTT,1,0.48881789137380977,346,train
enCas12a,NF1,AGGTTTTATTGACTGATACCAATACTCAATTTGT,TTTA,1,0.6474973375931894,346,train
enCas12a,NF1,AGGTTTTGTTCAAGAAGTGCGGTACCTGCTGAAT,TTTG,1,0.7220447284345135,346,train
enCas12a,NF1,AGGTTTTTCCTTGATATAGCATCTGATTGTCCTA,TTTT,1,0.9211927582534793,346,train
enCas12a,NF1,AGGTTTTTCTTTAAATTTAAGGCTTGTTACTTTT,TTTT,1,0.1771388001419946,346,train
enCas12a,NF1,AGTATTTATGGCAATCCGGAATCCTCTGGAGTGG,TTTA,1,0.5820021299254583,346,train
enCas12a,NF1,AGTATTTTCTACCAAGCTGGGACTTCCAAAGCTG,TTTT,1,0.5455271565495269,346,train
enCas12a,NF1,AGTCTTTCCTTCATAAGTGACGGCAATGTGCTTG,TTTC,1,0.1991480298189558,346,train
enCas12a,NF1,AGTCTTTCTAAATGACATTTATTATGCTTCGGAA,TTTC,1,0.18423855165069175,346,train
enCas12a,NF1,AGTGTTTCACCAAACATATTTCGAAGTTCAACCG,TTTC,1,0.7667731629393084,346,train
enCas12a,NF1,AGTGTTTCCTGCAGTGGGATGCTCAATGCGCCTC,TTTC,1,0.6014376996805144,346,train
enCas12a,NF1,AGTTTTTGTAGATAGGTAGCACCATATACCTACA,TTTG,1,0.4394746183883582,346,train
enCas12a,NF1,ATAATTTGTTGGACTCTAAGATCAACACCCTGTT,TTTG,1,0.4650337238196705,346,train
enCas12a,NF1,ATACTTTAGATAGTCTCCGTATATTCAATGACAA,TTTA,1,0.7657082002130033,346,train
enCas12a,NF1,ATATTTTTGCTTGAATAGATGGGTACATCTGTTT,TTTT,1,0.6011714589989434,346,train
enCas12a,NF1,ATATTTTTGTAGAGGCGAAGAAAGAACAGTCCTT,TTTT,1,0.06922257720979756,346,train
enCas12a,NF1,ATCATTTTGTTGGACTCAATTTCAACTCTAACTT,TTTT,1,0.25186368477103227,346,train
enCas12a,NF1,ATCCTTTATTACGAATTGTGATCACATCCTCTGA,TTTA,1,0.47124600638977465,346,train
enCas12a,NF1,ATCGTTTCATCTAATCTCATTGTGTCCTTTGGTT,TTTC,1,0.3791267305644289,346,train
enCas12a,NF1,ATCTTTTAATTGCAGATTTGCATTCCAATATAAT,TTTA,1,0.6464323748668848,346,train
enCas12a,NF1,ATCTTTTGGCCGAATCTTGGTGTGTTGGGGGATA,TTTG,1,0.7265708200213106,346,train
enCas12a,NF1,ATGATTTACTGCATCACTTGTAGGACAATCAGAT,TTTA,1,0.6123535676251366,346,train
enCas12a,NF1,ATGATTTCAGTGATGTCTTCAGAGGGAAACGCAG,TTTC,1,0.676251331203416,346,train
enCas12a,NF1,ATGATTTGTAGTGGCCAAACTGCTGCTTTACGTT,TTTG,1,0.32960596379126617,346,train
enCas12a,NF1,ATGATTTTGTGAAAAGCAACTTTGATGCAGCACG,TTTT,1,0.55351437699681,346,train
enCas12a,NF1,ATGCTTTGTGATACCTTTCACAATGTTGGGGTAA,TTTG,1,0.22763578274760474,346,train
enCas12a,NF1,ATGCTTTTTTACATCTGCAAGAAATTAACTAGTC,TTTT,1,0.3876464323748703,346,train
enCas12a,NF1,ATGGTTTGTTCTACAAATTGAGTATTGGTATCAG,TTTG,1,0.6964856230032024,346,train
enCas12a,NF1,ATGGTTTTGCTGAAAGCACCAAACGTAAAGCAGC,TTTT,1,0.37726304579340153,346,train
enCas12a,NF1,ATGTTTTAGGCTGCAGCGACTTCGAACTTCTTCA,TTTA,1,0.35995740149094657,346,train
enCas12a,NF1,ATGTTTTCTAAAGAAGTAGAATTGGCAGACTCCA,TTTC,1,0.7128150514732067,346,train
enCas12a,NF1,ATTATTTCTGGACACAAGATAAGGAGAATGATTT,TTTC,1,0.716187433439838,346,train
enCas12a,NF1,ATTATTTTACTGGCCAAGCTGTTGCCTCGGAAGA,TTTT,1,0.6996805111821163,346,train
enCas12a,NF1,ATTCTTTAAAATAGTAGTGAGGCCGCTTATAACC,TTTA,1,0.6730564430245005,346,train
enCas12a,NF1,ATTCTTTATGAATACTTAGCAGAGGCCAGTGTTG,TTTA,1,0.5851970181043685,346,train
enCas12a,NF1,ATTGTTTCAATGCTAGCTTGCCCTAGATGTTCAG,TTTC,1,0.6293929712460107,346,train
enCas12a,NF1,ATTTTTTTCAGCAGCTTCTCCAAATATTCTCTAA,TTTT,1,0.1693290734824277,346,train
enCas12a,NF1,CAAATTTATGGATCGGCTGTTGTCCTTAATGGTG,TTTA,1,0.8216187433439964,346,train
enCas12a,NF1,CAAATTTGAAGTGAATACACAGAGCGTGGCCTAC,TTTG,1,0.4140042598509053,346,train
enCas12a,NF1,CAAATTTGGATCTTGGCACAATGATAACAGGGTG,TTTG,1,0.3658146964856219,346,train
enCas12a,NF1,CAAATTTGTCACAATTTCTGTGTTTGTTAACCAG,TTTG,1,0.5199680511182165,346,train
enCas12a,NF1,CAAATTTGTTAAATCCAATCCATGGAATTGTGCA,TTTG,1,0.18530351437699633,346,train
enCas12a,NF1,CAAATTTTACTTGCTGTTTGGCATTAGCAAAGTC,TTTT,1,0.17891373801916882,346,train
enCas12a,NF1,CAAGTTTTCTTTGGTTATAAGCGGCCTCACTACT,TTTT,1,0.33617323393681214,346,train
enCas12a,NF1,CAAGTTTTGAGACTCAGTCTGACAGAGTTCTCAT,TTTT,1,0.7774227902023543,346,train
enCas12a,NF1,CAATTTTCTCCTGATTGTTCCAGAGTAGACGATG,TTTC,1,0.7835463258786063,346,train
enCas12a,NF1,CACATTTACGTAAAGTTTCAGTGTCTGAATCAAA,TTTA,1,0.8567625133120492,346,train
enCas12a,NF1,CACATTTCCAGAAGCCAAAGCTACAGCAGTATCT,TTTC,1,0.17145899893503685,346,train
enCas12a,NF1,CACCTTTGACATTAACTTCAAGCCCCTTTCGATT,TTTG,1,0.6480298189563445,346,train
enCas12a,NF1,CACCTTTGTTTGGAATACATGACTCCATGGCTGT,TTTG,1,0.8804579339723273,346,train
enCas12a,NF1,CACGTTTCCTGCCACCTGTTTGCGCACTTTCATC,TTTC,1,0.8807241746539034,346,train
enCas12a,NF1,CAGATTTAACATCATTGTTTCAATGCTAGCTTGC,TTTA,1,0.7483138090166944,346,train
enCas12a,NF1,CAGATTTATCAATCCTGCCATTGTCTCACCGTAT,TTTA,1,0.7060702875399442,346,train
enCas12a,NF1,CAGATTTCTGGCAGCAACTGTTTGACCAGCATCG,TTTC,1,0.5247603833865842,346,train
enCas12a,NF1,CAGATTTCTTCAATTTCCGAAGCATAATAAATGT,TTTC,1,0.6413738019169398,346,train
enCas12a,NF1,CAGATTTGCATTCCAATATAATCCATCCCTGCAA,TTTG,1,0.7928647497337714,346,train
enCas12a,NF1,CAGCTTTGGAAGTCCCAGCTTGGTAGAAAATACT,TTTG,1,0.7337593184238644,346,train
enCas12a,NF1,CAGCTTTTATTGATCCCAAGCCACCTGTTGCACT,TTTT,1,0.8349307774228043,346,train
enCas12a,NF1,CAGGTTTATGTATCCCTGCCAACAACACCCTCTT,TTTA,1,0.5434859779907726,346,train
enCas12a,NF1,CAGGTTTGTGCTCTGGAGGACCCAGGTATGCAAG,TTTG,1,0.35835995740148974,346,train
enCas12a,NF1,CAGGTTTTGTTCAAGAAGTGCGGTACCTGCTGAA,TTTT,1,0.6173233936812261,346,train
enCas12a,NF1,CAGTTTTCATGCAGCTGTTCCCTCATCAAGGTAC,TTTC,1,0.1815761448349312,346,train
enCas12a,NF1,CATATTTCGAAGTTCAACCGAGTGACAATACACA,TTTC,1,0.5079872204472872,346,train
enCas12a,NF1,CATATTTTTGCTTGAATAGATGGGTACATCTGTT,TTTT,1,0.07987220447284343,346,train
enCas12a,NF1,CATCTTTTGGCCGAATCTTGGTGTGTTGGGGGAT,TTTT,1,0.7864749733759436,346,train
enCas12a,NF1,CATGTTTCTGTGGAACCCTGACACTGAAGCTGTT,TTTC,1,0.7050053248136394,346,train
enCas12a,NF1,CATGTTTTCTAAAGAAGTAGAATTGGCAGACTCC,TTTT,1,0.37939297124600835,346,train
enCas12a,NF1,CATTTTTCCAGTGTATCCAATATAATCAACTGAG,TTTC,1,0.9258075967341327,346,train
enCas12a,NF1,CCAATTTCACATTTCCAGAAGCCAAAGCTACAGC,TTTC,1,0.6528221512247125,346,train
enCas12a,NF1,CCAATTTTCTCCTGATTGTTCCAGAGTAGACGAT,TTTT,1,0.3317358892438782,346,train
enCas12a,NF1,CCACTTTCTCATGGTTACACACCATTAAGGACAA,TTTC,1,0.4755058572949946,346,train
enCas12a,NF1,CCAGTTTCCCAGGACAGTCTATGAAAACAAGCCT,TTTC,1,0.856496272630473,346,train
enCas12a,NF1,CCATTTTCTTCACACCTGTCGTGAAGGAAACCAG,TTTC,1,0.519169329073487,346,train
enCas12a,NF1,CCCATTTCATAATCAGTTTCTGCTACTCTCCTCA,TTTC,1,0.29446219382321526,346,train
enCas12a,NF1,CCCTTTTCCCTTCCGGAGAGAGGCTCCAGGAGTA,TTTC,1,0.29392971246006333,346,train
enCas12a,NF1,CCGATTTGCCGACAAGCCCAGACCAAACTAGAAG,TTTG,1,0.5649627263045839,346,train
enCas12a,NF1,CCTCTTTATTGTCTCTATTAGTAAGACACTGGCA,TTTA,1,0.844515441959546,346,train
enCas12a,NF1,CCTCTTTTGGGTAGCTGTGGCTGTGCTGCAGCTT,TTTT,1,0.7052715654952171,346,train
enCas12a,NF1,CCTGTTTCCGCCACCTCTGTGAGGAAGCAGATAT,TTTC,1,0.7193823216187519,346,train
enCas12a,NF1,CCTGTTTGCGCACTTTCATCTTCAACTTCACTGC,TTTG,1,0.2689030883919064,346,train
enCas12a,NF1,CCTTTTTTACGGGGTAGGATGTGATATTCCTTCT,TTTT,1,0.6670216542421078,346,train
enCas12a,NF1,CGATTTTTAAATTAAAGGTACAAGTTAAGGCACA,TTTT,1,0.3948349307774214,346,train
enCas12a,NF1,CGTATTTGAAGTCCCACTTTCTCATGGTTACACA,TTTG,1,0.40042598509052196,346,train
enCas12a,NF1,CGTCTTTGGATATATCCTGGATTATTTCTGGACA,TTTG,1,0.41107561235357126,346,train
enCas12a,NF1,CGTTTTTATTTGAATTGCATGGACCATATTCCCA,TTTA,1,0.6858359957401561,346,train
enCas12a,NF1,CGTTTTTGCAAGCATAATGATGATGCCAAACGAC,TTTG,1,0.5921192758253492,346,train
enCas12a,NF1,CTACTTTAGAACAACATCTTATGTGGGATGATAT,TTTA,1,0.7337593184238644,346,train
enCas12a,NF1,CTAGTTTGGTCTGGGCTTGTCGGCAAATCGGGGG,TTTG,1,0.623003194888188,346,train
enCas12a,NF1,CTATTTTAGCACGCTACATGCTGATGCTGTCCTT,TTTA,1,0.3610223642172548,346,train
enCas12a,NF1,CTCATTTTGGGGGGTGTTGTGATCCCTGATTCCA,TTTT,1,0.1363152289669859,346,train
enCas12a,NF1,CTCCTTTTTTACGGGGTAGGATGTGATATTCCTT,TTTT,1,0.1022364217252395,346,train
enCas12a,NF1,CTCGTTTGCTAATACACCCAAAGACAACAAGAGC,TTTG,1,0.790202342918011,346,train
enCas12a,NF1,CTCTTTTGGGTAGCTGTGGCTGTGCTGCAGCTTG,TTTG,1,0.9057507987220622,346,train
enCas12a,NF1,CTGCTTTACGTTTGGTGCTTTCAGCAAAACCATC,TTTA,1,0.29286474973375837,346,train
enCas12a,NF1,CTGCTTTATCTGCCCATGAGACACTCGTTTGCTA,TTTA,1,0.28008519701810347,346,train
enCas12a,NF1,CTGCTTTATGAAGTGTTTCACCAAACATATTTCG,TTTA,1,0.5260915867944622,346,train
enCas12a,NF1,CTGCTTTTTAATCCAAGTAAGCCATTCTCAAGAG,TTTT,1,0.4017571884984076,346,train
enCas12a,NF1,CTGGTTTCCTTCACGACAGGTGTGAAGAAAATGG,TTTC,1,0.5170394036208773,346,train
enCas12a,NF1,CTGGTTTCTTCATCAATTCCAGGCAGGTACGTGT,TTTC,1,0.16879659211927542,346,train
enCas12a,NF1,CTGGTTTGCAATGGTTAAGGTGAACTGGTTCTCA,TTTG,1,0.34824281150159625,346,train
enCas12a,NF1,CTGGTTTTCCTCAAGGCTCTCTGATGGTTCTAAC,TTTT,1,0.570820021299256,346,train
enCas12a,NF1,CTGGTTTTGATGAAACTGTCTAGTACAACATCAA,TTTT,1,0.5828895988640441,346,train
enCas12a,NF1,CTGTTTTAAAGCGATTGCTAGGCCCGGTATGGGT,TTTA,1,0.8381256656017182,346,train
enCas12a,NF1,CTGTTTTTCATTGATGGTCATTGTTATCAGCTTG,TTTT,1,0.6954206602769004,346,train
enCas12a,NF1,CTTATTTTTAAGAAGAAATTTATTCCTGCAGATC,TTTT,1,0.05750798722044726,346,train
enCas12a,NF1,CTTCTTTAGAAAACATGTTCCAGAGCAGTTGGTA,TTTA,1,0.49201277955271383,346,train
enCas12a,NF1,CTTCTTTAGGGCTTTAAATTTAAATGCTGTTTCT,TTTA,1,0.462726304579345,346,train
enCas12a,NF1,CTTCTTTGCTTCTGCACTTGGCTTGCGGATCCGT,TTTG,1,0.059105431309904186,346,train
enCas12a,NF1,CTTCTTTTGTGAAGAGAACATGATTGGCAATACT,TTTT,1,0.41640042598509375,346,train
enCas12a,NF1,CTTGTTTCTTGCTTTCGTATAAGCCCTCACAACA,TTTC,1,0.6027689030883957,346,train
enCas12a,NF1,CTTGTTTTCATAGACTGTCCTGGGAAACTGGCTG,TTTT,1,0.5851970181043685,346,train
enCas12a,NF1,CTTTTTTACATCTGCAAGAAATTAACTAGTCATC,TTTA,1,0.5058572949946758,346,train
enCas12a,NF1,CTTTTTTACGGGGTAGGATGTGATATTCCTTCTA,TTTA,1,0.7135250266240765,346,train
enCas12a,NF1,GAAATTTATTCCTGCAGATCAATATTTCCCGCAA,TTTA,1,0.8663471778487909,346,train
enCas12a,NF1,GAACTTTTCAGTCATCTGAAGGAGGTTCCGCTGG,TTTT,1,0.7308306709265268,346,train
enCas12a,NF1,GAATTTTACATACACTACTAACTCTGGTTAACAA,TTTA,1,0.6618743343983019,346,train
enCas12a,NF1,GAATTTTTGGAAGAGTGTATTTCTGGATTTAGCA,TTTT,1,0.6048988285410042,346,train
enCas12a,NF1,GACATTTATTATGCTTCGGAAATTGAAGAAATCT,TTTA,1,0.462460063897763,346,train
enCas12a,NF1,GACATTTGACTGGTATTTCCACTAGAAGGAATAT,TTTG,1,0.2875399361022355,346,train
enCas12a,NF1,GACATTTTACATCATCATCTGCTGCTTGGTTTGA,TTTT,1,0.8434504792332413,346,train
enCas12a,NF1,GACATTTTTCCAGTGTATCCAATATAATCAACTG,TTTT,1,0.907082002129943,346,train
enCas12a,NF1,GACCTTTTGATAAGATGGCAACACTTCTTGCATA,TTTT,1,0.4728434504792409,346,train
enCas12a,NF1,GACTTTTGCTTTGACATCCTTGGAAACAGTCACA,TTTG,1,0.2976570820021289,346,train
enCas12a,NF1,GACTTTTGTTCGCTCTGCTGAAGTTACTTGGACA,TTTG,1,0.5963791267305704,346,train
enCas12a,NF1,GAGATTTGGACCAGGCAAGCATGGAAGCAGTAGT,TTTG,1,0.8026269080582306,346,train
enCas12a,NF1,GAGCTTTGGATCTGCATGAATTAGTTTCACCATG,TTTG,1,0.5873269435569795,346,train
enCas12a,NF1,GAGCTTTTCGTAGACTGTCCAGAAATAACTTCTA,TTTT,1,0.44036208732694193,346,train
enCas12a,NF1,GAGTTTTTGTAGATAGGTAGCACCATATACCTAC,TTTT,1,0.4435569755058588,346,train
enCas12a,NF1,GATATTTCAATGGAAAATGTTCCTATGGATACAT,TTTC,1,0.6608093716719973,346,train
enCas12a,NF1,GATCTTTTAATTGCAGATTTGCATTCCAATATAA,TTTT,1,0.08626198083067081,346,train
enCas12a,NF1,GATGTTTGGTATTGTGGTGGGGATTCTTCATGGT,TTTG,1,0.32303869364572513,346,train
enCas12a,NF1,GATTTTTAAATTAAAGGTACAAGTTAAGGCACAC,TTTA,1,0.4832268370607033,346,train
enCas12a,NF1,GATTTTTGTCAGAACTTCCATAAATGTAGCTCTT,TTTG,1,0.7213347532836445,346,train
enCas12a,NF1,GCACTTTCATCTTCAACTTCACTGCAGTCATTCA,TTTC,1,0.548810791622298,346,train
enCas12a,NF1,GCACTTTCTGTCAGCTGCCTACTTCCTCCATGGC,TTTC,1,0.916577919772826,346,train
enCas12a,NF1,GCAGTTTCAAACGTAATAGCATTAAGAAGATCGT,TTTC,1,0.5502307419240354,346,train
enCas12a,NF1,GCAGTTTGGCCACTACAAATCATTCTCCTTATCT,TTTG,1,0.9329073482428303,346,train
enCas12a,NF1,GCAGTTTTCATGCAGCTGTTCCCTCATCAAGGTA,TTTT,1,0.13365282215122437,346,train
enCas12a,NF1,GCATTTTGGAACTGGGTAGAAAATTATCCAGATG,TTTG,1,0.33599574014909805,346,train
enCas12a,NF1,GCCATTTTCTTCACACCTGTCGTGAAGGAAACCA,TTTT,1,0.07055378061767825,346,train
enCas12a,NF1,GCCTTTTAGGAGCCTTTGTGTCTGATATCAAGTG,TTTA,1,0.2728966986155476,346,train
enCas12a,NF1,GCCTTTTGCTACCTTTGAGGCCAGTCAGCAGCCG,TTTG,1,0.6908945686901031,346,train
enCas12a,NF1,GCTATTTAACAAATTGAAGAATACCATCAGCAAG,TTTA,1,0.32614483493077945,346,train
enCas12a,NF1,GCTATTTATAACTGCTAACTGCGCAACCTTCTTT,TTTA,1,0.308839190628327,346,train
enCas12a,NF1,GCTATTTTAGCACGCTACATGCTGATGCTGTCCT,TTTT,1,0.16293929712460026,346,train
enCas12a,NF1,GCTGTTTGGCATTAGCAAAGTCAAGTCAGCTGCT,TTTG,1,0.6070287539936167,346,train
enCas12a,NF1,GCTTTTTAATCCAAGTAAGCCATTCTCAAGAGGC,TTTA,1,0.11128860489882828,346,train
enCas12a,NF1,GCTTTTTATCTAAAATCCCTGCTTCATACGGTGA,TTTA,1,0.7598509052183293,346,train
enCas12a,NF1,GCTTTTTTACATCTGCAAGAAATTAACTAGTCAT,TTTT,1,0.13596024139155102,346,train
enCas12a,NF1,GGACTTTTGTTCGCTCTGCTGAAGTTACTTGGAC,TTTT,1,0.3301384451544185,346,train
enCas12a,NF1,GGAGTTTGCCTCTGTCAGCAATATGATGTCAACA,TTTG,1,0.733759318423865,346,train
enCas12a,NF1,GGAGTTTTTGTAGATAGGTAGCACCATATACCTA,TTTT,1,0.46379126730564496,346,train
enCas12a,NF1,GGATTTTAGATAAAAAGCCACCACCTAGAATCGA,TTTA,1,0.6308129215477507,346,train
enCas12a,NF1,GGATTTTTGTCAGAACTTCCATAAATGTAGCTCT,TTTT,1,0.46778487752928966,346,train
enCas12a,NF1,GGCATTTACTCTACCAACTGCTCTGGAACATGTT,TTTA,1,0.9226127085552188,346,train
enCas12a,NF1,GGCATTTTGGAACTGGGTAGAAAATTATCCAGAT,TTTT,1,0.2630457933972303,346,train
enCas12a,NF1,GGCTTTTGGATAGTTAAGGATTAGCTTTGTTGCT,TTTG,1,0.2923322683706061,346,train
enCas12a,NF1,GGCTTTTTATCTAAAATCCCTGCTTCATACGGTG,TTTT,1,0.26757188498402473,346,train
enCas12a,NF1,GGGATTTTAGATAAAAAGCCACCACCTAGAATCG,TTTT,1,0.5540468583599594,346,train
enCas12a,NF1,GGTATTTCCACTAGAAGGAATATCACATCCTACC,TTTC,1,0.2875399361022355,346,train
enCas12a,NF1,GGTTTTTCCTTGATATAGCATCTGATTGTCCTAC,TTTC,1,0.49574014909478714,346,train
enCas12a,NF1,GGTTTTTCTTTAAATTTAAGGCTTGTTACTTTTT,TTTC,1,0.4739084132055408,346,train
enCas12a,NF1,GTAATTTGGTTAGTGCTATTACTGTAGCTTCTAT,TTTG,1,0.13951011714589961,346,train
enCas12a,NF1,GTAGTTTCACTTCTAGCTGGTCTCCCTCTGCAGC,TTTC,1,0.1107561235356761,346,train
enCas12a,NF1,GTAGTTTCTGTTGTTCATGCTCTATGTGCTCAGC,TTTC,1,0.4350372736954202,346,train
enCas12a,NF1,GTATTTTCTACCAAGCTGGGACTTCCAAAGCTGG,TTTC,1,0.7843450479233344,346,train
enCas12a,NF1,GTCATTTAGAAAGACTGATTGCCCTAGGACTTTT,TTTA,1,0.6212282570110098,346,train
enCas12a,NF1,GTCATTTTCCTACTTGTTCAGTCCATGGTGGTTG,TTTT,1,0.15335463258785909,346,train
enCas12a,NF1,GTCGTTTGGCATCATCATTATGCTTGCAAAAACG,TTTG,1,0.5471246006389798,346,train
enCas12a,NF1,GTGATTTGCTGATATACCATGTCTTACTGACTTT,TTTG,1,0.787007454739096,346,train
enCas12a,NF1,GTGATTTGGCTTCCATCAATTCCACACCATCTCC,TTTG,1,0.5404685835995783,346,train
enCas12a,NF1,GTGCTTTCAGCAAAACCATCCACCAAGTCAAATA,TTTC,1,0.8839190628328173,346,train
enCas12a,NF1,GTTATTTCTGGACAGTCTACGAAAAGCTCTTGCT,TTTC,1,0.9062832800852145,346,train
enCas12a,NF1,GTTCTTTCTTCGCCTCTACAAAAATATATTTGCC,TTTC,1,0.4259850905218302,346,train
enCas12a,NF1,GTTGTTTTCATCAACCACGTCTTTGGATATATCC,TTTT,1,0.5857294994675217,346,train
enCas12a,NF1,GTTGTTTTTCCTGGCTTTGCTTACGACAACGTCT,TTTT,1,0.07241746538871131,346,train
enCas12a,NF1,TAAATTTAAAGAAAAACCTACAGACCTGGAGACA,TTTA,1,0.5987752928647536,346,train
enCas12a,NF1,TAAATTTAAAGCCCTAAAGAAGGTTGCGCAGTTA,TTTA,1,0.697284345047932,346,train
enCas12a,NF1,TAAATTTCATCTCTTGGCAAAATGAGAGGTCATC,TTTC,1,0.7263045793397321,346,train
enCas12a,NF1,TAAATTTGCTGACAGGTGTATCTGCGTTTCCCTC,TTTG,1,0.4669861554845588,346,train
enCas12a,NF1,TAAATTTTTTTCAGCAGCTTCTCCAAATATTCTC,TTTT,1,0.4621938232161916,346,train
enCas12a,NF1,TAACTTTAACTTTGCATTGGTTGGACACCTTTTA,TTTA,1,0.6656017039403681,346,train
enCas12a,NF1,TAAGTTTCTTGATGCCTTGATTGACACGTACCTG,TTTC,1,0.1778487752928643,346,train
enCas12a,NF1,TAAGTTTGACATTGCAAGGACCGTACAGTGCCTC,TTTG,1,0.5532481363152375,346,train
enCas12a,NF1,TAATTTTGCACAATCCACATTGATATACTGTAAC,TTTG,1,0.9648562300319692,346,train
enCas12a,NF1,TACATTTAAAGAAAAAGTAACAAGCCTTAAATTT,TTTA,1,0.528487752928649,346,train
enCas12a,NF1,TACATTTATGGAAGTTCTGACAAAAATCCTTCAA,TTTA,1,0.41160809371671847,346,train
enCas12a,NF1,TACATTTCACTATGTGCTGGTAAATTCACTCCAT,TTTC,1,0.673588924387654,346,train
enCas12a,NF1,TACCTTTAATTTAAAAATCGAGGGCCAGTTACTA,TTTA,1,0.45686900958466287,346,train
enCas12a,NF1,TACCTTTCACAATGTTGGGGTAATATATCCTAGG,TTTC,1,0.030883919062832804,346,train
enCas12a,NF1,TACCTTTGAAAACGGTCCTGCAAACCGCCACAAG,TTTG,1,0.3738019169329081,346,train
enCas12a,NF1,TACCTTTGAGCTAGTTCTGTCCACTGGTCCAGCC,TTTG,1,0.5665601703940419,346,train
enCas12a,NF1,TACCTTTGAGGCCAGTCAGCAGCCGCTCATGATA,TTTG,1,0.8801916932907511,346,train
enCas12a,NF1,TACCTTTTAAAAGGTGTCCAACCAATGCAAAGTT,TTTT,1,0.15521831735889202,346,train
enCas12a,NF1,TACCTTTTCCAGGCTATTTATAACTGCTAACTGC,TTTT,1,0.20580404685835937,346,train
enCas12a,NF1,TACGTTTGAAACTGCCAGCGCTTCTTTGCTTCTG,TTTG,1,0.0851970181043663,346,train
enCas12a,NF1,TACGTTTGGTGCTTTCAGCAAAACCATCCACCAA,TTTG,1,0.5468583599574051,346,train
enCas12a,NF1,TAGATTTGACAGCCATGGAGTCATGTATTCCAAA,TTTG,1,0.4818956336528212,346,train
enCas12a,NF1,TAGATTTGCTAAATCCAGAAATACACTCTTCCAA,TTTG,1,0.6155484558040505,346,train
enCas12a,NF1,TAGATTTGTCTGACACAGACTCCCTACAGGAATG,TTTG,1,0.5000000000000038,346,train
enCas12a,NF1,TAGCTTTACTTACAGTGTCTGAAGAAGTTCGAAG,TTTA,1,0.3461128860489871,346,train
enCas12a,NF1,TAGCTTTATTCAGTAGGGAGTGGCAAGTTGCCTA,TTTA,1,0.1192758253461127,346,train
enCas12a,NF1,TAGCTTTGGCTTCTGGAAATGTGAAATTGGTTTC,TTTG,1,0.1696840610578625,346,train
enCas12a,NF1,TAGGTTTTATTGACTGATACCAATACTCAATTTG,TTTT,1,0.6950656727014629,346,train
enCas12a,NF1,TAGGTTTTTCTTTAAATTTAAGGCTTGTTACTTT,TTTT,1,0.327476038338657,346,train
enCas12a,NF1,TATATTTTTGTAGAGGCGAAGAAAGAACAGTCCT,TTTT,1,0.10969116080937152,346,train
enCas12a,NF1,TATGTTTGGTGAAACACTTCATAAAGCAGTGCAA,TTTG,1,0.38658146964856094,346,train
enCas12a,NF1,TATGTTTTAGGCTGCAGCGACTTCGAACTTCTTC,TTTT,1,0.30670926517571784,346,train
enCas12a,NF1,TATTTTTAAGAAGAAATTTATTCCTGCAGATCAA,TTTA,1,0.4731984380546667,346,train
enCas12a,NF1,TATTTTTGCTTGAATAGATGGGTACATCTGTTTT,TTTG,1,0.2992545260915858,346,train
enCas12a,NF1,TATTTTTGTAGAGGCGAAGAAAGAACAGTCCTTG,TTTG,1,0.010649627263045797,346,train
enCas12a,NF1,TCAATTTCAACTCTAACTTTAACTTTGCATTGGT,TTTC,1,0.7193823216187519,346,train
enCas12a,NF1,TCAATTTCCGAAGCATAATAAATGTCATTTAGAA,TTTC,1,0.68903088391907,346,train
enCas12a,NF1,TCAATTTGTAGAACAAACCATAGCTATAATGAAG,TTTG,1,0.7555910543131094,346,train
enCas12a,NF1,TCAATTTGTTAAATAGCATTGGATACAGAGCAGG,TTTG,1,0.793929712460076,346,train
enCas12a,NF1,TCATTTTCCTACTTGTTCAGTCCATGGTGGTTGA,TTTC,1,0.7678381256656126,346,train
enCas12a,NF1,TCATTTTGGGGGGTGTTGTGATCCCTGATTCCAT,TTTG,1,0.3631522896698603,346,train
enCas12a,NF1,TCATTTTGTTGGACTCAATTTCAACTCTAACTTT,TTTG,1,0.7670394036208849,346,train
enCas12a,NF1,TCCATTTGCTTGCAGTGCCACTCCAGAGGATTCC,TTTG,1,0.36492722754703655,346,train
enCas12a,NF1,TCCCTTTTCCCTTCCGGAGAGAGGCTCCAGGAGT,TTTT,1,0.23828541001065257,346,train
enCas12a,NF1,TCCTTTTTTACGGGGTAGGATGTGATATTCCTTC,TTTT,1,0.29446219382321526,346,train
enCas12a,NF1,TCGATTTTTAAATTAAAGGTACAAGTTAAGGCAC,TTTT,1,0.21565495207667668,346,train
enCas12a,NF1,TCGCTTTAAAACAGACTTTCTCTCTAAGTGGTTT,TTTA,1,0.4408945686900988,346,train
enCas12a,NF1,TCGGTTTGAGAGATTGGTGGAACTGGTCACAATG,TTTG,1,0.8634185303514532,346,train
enCas12a,NF1,TCGTTTTTATTTGAATTGCATGGACCATATTCCC,TTTT,1,0.47177848775292824,346,train
enCas12a,NF1,TCGTTTTTGCAAGCATAATGATGATGCCAAACGA,TTTT,1,0.659211927582541,346,train
enCas12a,NF1,TCTGTTTGATTCTCGGCATTTACTCTACCAACTG,TTTG,1,0.6751863684771098,346,train
enCas12a,NF1,TCTGTTTTAAAGCGATTGCTAGGCCCGGTATGGG,TTTT,1,0.8296059637912812,346,train
enCas12a,NF1,TCTGTTTTTCATTGATGGTCATTGTTATCAGCTT,TTTT,1,0.5851970181043711,346,train
enCas12a,NF1,TGAATTTACAAAACTGTACCAGATCCCACAGACT,TTTA,1,0.5481895633652853,346,train
enCas12a,NF1,TGAATTTACCAGCACATAGTGAAATGTAGAAGGT,TTTA,1,0.8213525026624202,346,train
enCas12a,NF1,TGACTTTAAAGCCATATTATGCAAAGCCATATGA,TTTA,1,0.6155484558040505,346,train
enCas12a,NF1,TGACTTTGCTAATGCCAAACAGCAAGTAAAATTT,TTTG,1,0.4092119275825377,346,train
enCas12a,NF1,TGACTTTGGTATGTGTGTTCTGCTGTCCTGTTTT,TTTG,1,0.9318423855165257,346,train
enCas12a,NF1,TGAGTTTGATCAACGAATTCTTTATGAATACTTA,TTTG,1,0.5958466453674165,346,train
enCas12a,NF1,TGATTTTGTGAAAAGCAACTTTGATGCAGCACGC,TTTG,1,0.46964856230032065,346,train
enCas12a,NF1,TGCCTTTTAGGAGCCTTTGTGTCTGATATCAAGT,TTTT,1,0.08040468583599567,346,train
enCas12a,NF1,TGCGTTTCCCTCTGAAGACATCACTGAAATCATA,TTTC,1,0.5170394036208749,346,train
enCas12a,NF1,TGCTTTTCACAAAATCATTGAAAGGCCGCATATG,TTTC,1,0.4597089101881457,346,train
enCas12a,NF1,TGCTTTTTAATCCAAGTAAGCCATTCTCAAGAGG,TTTT,1,0.6009052183173638,346,train
enCas12a,NF1,TGCTTTTTTACATCTGCAAGAAATTAACTAGTCA,TTTT,1,0.12300319488817867,346,train
enCas12a,NF1,TGGATTTAACAAATTTGGATCTTGGCACAATGAT,TTTA,1,0.36705715299964675,346,train
enCas12a,NF1,TGGATTTCCTGGCTCGGGGACTGGTCTGGCCGAC,TTTC,1,0.6035676251331261,346,train
enCas12a,NF1,TGGCTTTAAAGTCAGTAAGACATGGTATATCAGC,TTTA,1,0.723109691160819,346,train
enCas12a,NF1,TGGCTTTAGAAGAGGACCTGAAGGTATTCCACAA,TTTA,1,0.795527156549533,346,train
enCas12a,NF1,TGGCTTTGCATAATATGGCTTTAAAGTCAGTAAG,TTTG,1,0.6105786297479638,346,train
enCas12a,NF1,TGGCTTTTGGATAGTTAAGGATTAGCTTTGTTGC,TTTT,1,0.7635782747603941,346,train
enCas12a,NF1,TGGCTTTTTATCTAAAATCCCTGCTTCATACGGT,TTTT,1,0.24387646432374793,346,train
enCas12a,NF1,TGGTTTTAATGGCTTGTGGCGGTTTGCAGGACCG,TTTA,1,0.29446219382321676,346,train
enCas12a,NF1,TGGTTTTCCTCAAGGCTCTCTGATGGTTCTAACC,TTTC,1,0.8200212992545395,346,train
enCas12a,NF1,TGGTTTTGATGAAACTGTCTAGTACAACATCAAG,TTTG,1,0.5937167199148085,346,train
enCas12a,NF1,TGGTTTTGCTGAAAGCACCAAACGTAAAGCAGCA,TTTG,1,0.7052715654952165,346,train
enCas12a,NF1,TGTATTTGGAAATATTGATTAGACATTCCTTGTT,TTTG,1,0.2715654952076669,346,train
enCas12a,NF1,TGTCTTTGGGTGTATTAGCAAACGAGTGTCTCAT,TTTG,1,0.5356762513312032,346,train
enCas12a,NF1,TGTCTTTGTGAGCTAGCTTGAGAGCATTGTGGAA,TTTG,1,0.37007454739084256,346,train
enCas12a,NF1,TGTGTTTGTTAACCAGAGTTAGTAGTGTATGTAA,TTTG,1,0.5548455804046898,346,train
enCas12a,NF1,TGTTTTTCATTGATGGTCATTGTTATCAGCTTGT,TTTC,1,0.7170749023784254,346,train
enCas12a,NF1,TGTTTTTCCTGGCTTTGCTTACGACAACGTCTCC,TTTC,1,0.3471778487752927,346,train
enCas12a,NF1,TTAATTTAAAAATCGAGGGCCAGTTACTAGAGAC,TTTA,1,0.3783280085197054,346,train
enCas12a,NF1,TTAATTTAGGCAGTTCTGACCCGAGTTTACGGTA,TTTA,1,0.5436634717784917,346,train
enCas12a,NF1,TTAATTTCTTGCAGATGTAAAAAAGCATTTGTGA,TTTC,1,0.5591054313099051,346,train
enCas12a,NF1,TTAATTTTGCACAATCCACATTGATATACTGTAA,TTTT,1,0.7864749733759436,346,train
enCas12a,NF1,TTACTTTAATAGAAACTTTGGTGTCTTTGTGAGC,TTTA,1,0.25665601703940283,346,train
enCas12a,NF1,TTACTTTCTTAGTAGCCACAGGTCCGCTCTCCCT,TTTC,1,0.48935037273696186,346,train
enCas12a,NF1,TTACTTTGCAGGTAAGATGTTTGGTATTGTGGTG,TTTG,1,0.36900958466454076,346,train
enCas12a,NF1,TTAGTTTCACCATGGACAAGAGAAGATACTTATA,TTTC,1,0.3620873269435557,346,train
enCas12a,NF1,TTATTTTACTGGCCAAGCTGTTGCCTCGGAAGAG,TTTA,1,0.9337060702875588,346,train
enCas12a,NF1,TTATTTTCTCTCAGCTGCAACAACTTCAATGCAG,TTTC,1,0.4691160809371687,346,train
enCas12a,NF1,TTATTTTTAAGAAGAAATTTATTCCTGCAGATCA,TTTT,1,0.09478168264110741,346,train
enCas12a,NF1,TTCCTTTGTGCCCTTGGGGGAGTGTGCCTCCAGC,TTTG,1,0.5266240681576212,346,train
enCas12a,NF1,TTCGTTTTTATTTGAATTGCATGGACCATATTCC,TTTT,1,0.11821086261980812,346,train
enCas12a,NF1,TTCGTTTTTGCAAGCATAATGATGATGCCAAACG,TTTT,1,0.5146432374866919,346,train
enCas12a,NF1,TTCTTTTACTGTAGCTTTATTCAGTAGGGAGTGG,TTTA,1,0.21964856230032176,346,train
enCas12a,NF1,TTCTTTTGTGAAGAGAACATGATTGGCAATACTC,TTTG,1,0.6432374866879709,346,train
enCas12a,NF1,TTGATTTGTGGAATCCTGATGCTCCTGTAGAAAC,TTTG,1,0.7891373801917053,346,train
enCas12a,NF1,TTGCTTTACACAGTTTGACACAGGCAATTGCAGC,TTTA,1,0.7864749733759436,346,train
enCas12a,NF1,TTGCTTTACATCGTCTACTCTGGAACAATCAGGA,TTTA,1,0.40308839190628587,346,train
enCas12a,NF1,TTGCTTTCGTATAAGCCCTCACAACAACCAACAC,TTTC,1,0.871671991480314,346,train
enCas12a,NF1,TTGCTTTGACATCCTTGGAAACAGTCACAGAAGC,TTTG,1,0.5995740149094834,346,train
enCas12a,NF1,TTGCTTTTCACAAAATCATTGAAAGGCCGCATAT,TTTT,1,0.02742279020234291,346,train
enCas12a,NF1,TTGGTTTGATGTTCCCATAACCCAGTCTGTCAGG,TTTG,1,0.7108626198083149,346,train
enCas12a,NF1,TTGGTTTTAATGGCTTGTGGCGGTTTGCAGGACC,TTTT,1,0.36501597444089745,346,train
enCas12a,NF1,TTGTTTTCATAGACTGTCCTGGGAAACTGGCTGA,TTTC,1,0.5335463258785963,346,train
enCas12a,NF1,TTGTTTTCATCAACCACGTCTTTGGATATATCCT,TTTC,1,0.2694355697550577,346,train
enCas12a,NF1,TTGTTTTTCCTGGCTTTGCTTACGACAACGTCTC,TTTT,1,0.5832445864394823,346,train
enCas12a,NF1,TTTATTTGAATTGCATGGACCATATTCCCAAGCA,TTTG,1,0.5841320553780657,346,train
enCas12a,NF1,TTTATTTTCTCTCAGCTGCAACAACTTCAATGCA,TTTT,1,0.36350727724529647,346,train
enCas12a,NF1,TTTCTTTGGTTATAAGCGGCCTCACTACTATTTT,TTTG,1,0.9361022364217442,346,train
enCas12a,NF1,TTTCTTTTACTGTAGCTTTATTCAGTAGGGAGTG,TTTT,1,0.07694355697550574,346,train
enCas12a,NF1,TTTGTTTGGAATACATGACTCCATGGCTGTCAAA,TTTG,1,0.5303514376996801,346,train
enCas12a,NF1,TTTTTTTCAGCAGCTTCTCCAAATATTCTCTAAC,TTTC,1,0.37380191693290604,346,train
enCas12a,NF2,AAAATTTGGCCAAGAAGTGAAAGGTGACTGGTTC,TTTG,1,0.93354430379747,52,train
enCas12a,NF2,AAATTTTATCCTGAGAATGCTGAAGAGGAGCTGG,TTTA,1,0.7974683544303807,52,train
enCas12a,NF2,AAGCTTTGAGGAGTTAAACTTGAAGACATCAATT,TTTG,1,0.30696202531645567,52,train
enCas12a,NF2,AAGTTTTGCCTCCTCCTCGGTGATCTGGGCCTTT,TTTG,1,0.4857594936708858,52,train
enCas12a,NF2,ACCCTTTTTGGAAGCAATTCCTCTTGGGCCAAAA,TTTT,1,0.06012658227848103,52,train
enCas12a,NF2,ACCTTTTTAATGGTATTGTGCTTGCTGCTGCCAC,TTTT,1,0.0379746835443038,52,train
enCas12a,NF2,AGATTTTAGATGAAAAGATCTACTGCCCTCCTGA,TTTA,1,0.8924050632911407,52,train
enCas12a,NF2,ATACTTTTCTTTCTCTATCTCCATGGAAAGCCGC,TTTT,1,0.06645569620253165,52,train
enCas12a,NF2,ATCTTTTCATCTAAAATCTGCTTCTTTACCTGAA,TTTC,1,0.9029535864978918,52,train
enCas12a,NF2,ATTCTTTGGAAGTTCAGCAGATGAAAGCCCAGGC,TTTG,1,0.587025316455696,52,train
enCas12a,NF2,CAAATTTTATCCTGAGAATGCTGAAGAGGAGCTG,TTTT,1,0.5427215189873416,52,train
enCas12a,NF2,CAAGTTTAACTCCTCAAAGCTTCGTGTTAATAAG,TTTA,1,0.7616033755274269,52,train
enCas12a,NF2,CAATTTTCTTATCCAGTGGTTTAATAGTAAACTG,TTTC,1,0.4129746835443035,52,train
enCas12a,NF2,CACATTTATGACCCTGAGAACAGACTGACCCCCA,TTTA,1,0.7515822784810133,52,train
enCas12a,NF2,CACATTTCCGGAGTCATCTGATACAGATTTATTA,TTTC,1,0.424050632911392,52,train
enCas12a,NF2,CAGATTTTAGATGAAAAGATCTACTGCCCTCCTG,TTTT,1,0.6645569620253169,52,train
enCas12a,NF2,CAGGTTTCTCGGAGCCCCAGAGTCCGGCACACCA,TTTC,1,0.8939873417721533,52,train
enCas12a,NF2,CCAGTTTACTATTAAACCACTGGATAAGAAAATT,TTTA,1,0.31012658227848083,52,train
enCas12a,NF2,CCATTTTGAGCCAGGCCACTGTGTCCTTGATTGT,TTTG,1,0.7763713080168785,52,train
enCas12a,NF2,CCCTTTTTGGAAGCAATTCCTCTTGGGCCAAAAA,TTTT,1,0.22943037974683556,52,train
enCas12a,NF2,CCTCTTTGATTTGGTGTGCCGGACTCTGGGGCTC,TTTG,1,0.772151898734178,52,train
enCas12a,NF2,CCTTTTTAATGGTATTGTGCTTGCTGCTGCCACC,TTTA,1,0.04272151898734178,52,train
enCas12a,NF2,CCTTTTTGGAAGCAATTCCTCTTGGGCCAAAAAT,TTTG,1,0.6661392405063293,52,train
enCas12a,NF2,CGGATTTCATTCCACGGGAAGGAGATCTTGGGGG,TTTC,1,0.7373417721518994,52,train
enCas12a,NF2,CGGCTTTCCATGGAGATAGAGAAAGAAAAGTATG,TTTC,1,0.2953586497890295,52,train
enCas12a,NF2,CGGCTTTCCTTCTCCTCATAAATAGATCATGGTT,TTTC,1,0.6360759493670887,52,train
enCas12a,NF2,CTGCTTTCTAGCCTTCTCCTCCCTGGCCTGGGCT,TTTC,1,0.69620253164557,52,train
enCas12a,NF2,CTTCTTTCATCTGCAGCAGCCTCCTCTCCAACTC,TTTC,1,0.658227848101266,52,train
enCas12a,NF2,GAAGTTTTGCCTCCTCCTCGGTGATCTGGGCCTT,TTTT,1,0.6661392405063293,52,train
enCas12a,NF2,GATCTTTTCATCTAAAATCTGCTTCTTTACCTGA,TTTT,1,0.33069620253164544,52,train
enCas12a,NF2,GATGTTTCAAAGGAAGAACCAGTCACCTTTCACT,TTTC,1,0.6898734177215193,52,train
enCas12a,NF2,GATGTTTCGGATTTCATTCCACGGGAAGGAGATC,TTTC,1,0.8164556962025327,52,train
enCas12a,NF2,GATTTTTGGCCCAAGAGGAATTGCTTCCAAAAAG,TTTG,1,0.42088607594936667,52,train
enCas12a,NF2,GCCTTTTCAGCCAACAGGTCAGCTGTCTCCTCAG,TTTC,1,0.5379746835443036,52,train
enCas12a,NF2,GGATTTTTGGCCCAAGAGGAATTGCTTCCAAAAA,TTTT,1,0.5284810126582276,52,train
enCas12a,NF2,GGCCTTTTCAGCCAACAGGTCAGCTGTCTCCTCA,TTTT,1,0.31329113924050633,52,train
enCas12a,NF2,GGGATTTTTGGCCCAAGAGGAATTGCTTCCAAAA,TTTT,1,0.27531645569620256,52,train
enCas12a,NF2,GGGCTTTCATCTGCTGAACTTCCAAAGAATCGGC,TTTC,1,0.8702531645569633,52,train
enCas12a,NF2,GTTCTTTGGACTGCAGTACACAATCAAGGACACA,TTTG,1,0.8180379746835453,52,train
enCas12a,NF2,TACCTTTTTAATGGTATTGTGCTTGCTGCTGCCA,TTTT,1,0.006329113924050633,52,train
enCas12a,NF2,TACTTTTCTTTCTCTATCTCCATGGAAAGCCGCT,TTTC,1,0.3069620253164556,52,train
enCas12a,NF2,TATCTTTGAAGTCGAAAGACAGGCTGTCACCAAT,TTTG,1,0.20727848101265836,52,train
enCas12a,NF2,TCAATTTTCTTATCCAGTGGTTTAATAGTAAACT,TTTT,1,0.12025316455696208,52,train
enCas12a,NF2,TCAGTTTCAAGGCCTCGATTTCTGTCTTGAGTTC,TTTC,1,0.19303797468354444,52,train
enCas12a,NF2,TCCATTTTGAGCCAGGCCACTGTGTCCTTGATTG,TTTT,1,0.781645569620254,52,train
enCas12a,NF2,TCGATTTCTGTCTTGAGTTCATTGAGCTGCTCCT,TTTC,1,0.20464135021097046,52,train
enCas12a,NF2,TCTATTTATGAGGAGAAGGAAAGCCGATTCTTTG,TTTA,1,0.5886075949367087,52,train
enCas12a,NF2,TCTCTTTCAGTTTCAAGGCCTCGATTTCTGTCTT,TTTC,1,0.14556962025316464,52,train
enCas12a,NF2,TGCATTTCCTGCTCAGCCTCTGCGGCCTTCTGGG,TTTC,1,0.60126582278481,52,train
enCas12a,NF2,TGTCTTTCGACTTCAAAGATACTGACATGAAGCG,TTTC,1,0.295886075949367,52,train
enCas12a,NF2,TTGATTTGGTGTGCCGGACTCTGGGGCTCCGAGA,TTTG,1,0.9113924050632927,52,train
enCas12a,NF2,TTTCTTTCTCTATCTCCATGGAAAGCCGCTTCAT,TTTC,1,0.21518987341772167,52,train
enCas12a,POLR1C,AAGATTTCTCTGCTGAAGGTATCCAGCCGGGGGT,TTTC,-1,0.3145161290322579,19,train
enCas12a,POLR1C,AAGATTTGCTGGCTGCGGTGGCTCACACCTGTAA,TTTG,-1,0.21774193548387089,19,train
enCas12a,POLR1C,AAGTTTTCACCAGTGGCAACAGCCAGTTACAGGC,TTTC,-1,0.6491935483870963,19,train
enCas12a,POLR1C,AATCTTTAGCAGCATGGGGGTTCCGAGTGCATCT,TTTA,-1,0.4919354838709674,19,train
enCas12a,POLR1C,ACAGTTTCGTCTCCAGGTCAGATGCACTCGGAAC,TTTC,-1,0.6249999999999996,19,train
enCas12a,POLR1C,AGAATTTCCGTGTGGATGTAGTACACATGGATGA,TTTC,-1,0.8346774193548381,19,train
enCas12a,POLR1C,ATGCTTTTCGACGAATTCTGCTAGCTGAGGTATT,TTTT,-1,0.016129032258064516,19,train
enCas12a,POLR1C,CAAGTTTTCACCAGTGGCAACAGCCAGTTACAGG,TTTT,-1,0.5887096774193544,19,train
enCas12a,POLR1C,CACCTTTGTGGTTCACGTACAGTTCGTTGGGGTC,TTTG,-1,0.14516129032258063,19,train
enCas12a,POLR1C,CGCATTTCCTCCACCGCCTGAGAAGCCGCCATCT,TTTC,-1,0.17338709677419348,19,train
enCas12a,POLR1C,CTTCTTTAGCTTCTCATTCCGGAAGATTTCTCTG,TTTA,-1,0.06451612903225806,19,train
enCas12a,POLR1C,GAGTTTTCATCCATGTGTACTACATCCACACGGA,TTTC,-1,0.6491935483870963,19,train
enCas12a,POLR1C,GCACTTTGGGAGGCCAAGGCGAGTGGATCACGGG,TTTG,-1,0.9395161290322573,19,train
enCas12a,POLR1C,GGAGTTTGACATGGTGGGAATTGACGCAGCCATT,TTTG,-1,0.6451612903225802,19,train
enCas12a,POLR1C,GTACTTTGATGGCTTCACTCACCAGCACATCTGG,TTTG,-1,0.830645161290322,19,train
enCas12a,POLR1C,TCAATTTCTTGGCCAGGCCGCAGCTGAGCGATGA,TTTC,-1,0.7903225806451607,19,train
enCas12a,POLR1C,TCTCTTTCCAGAGGGCACTATCCGACCAGTGCAT,TTTC,-1,0.5483870967741932,19,train
enCas12a,POLR1C,TGACTTTCCCGGTAACTATTCCGGTTATGATGAT,TTTC,-1,0.19892473118279563,19,train
enCas12a,POLR1C,TGAGTTTTCATCCATGTGTACTACATCCACACGG,TTTT,-1,0.3467741935483869,19,train
enCas12a,RPS20,ACACTTTGAGAAGTGTATTCGAATCCCCGGGGAC,TTTG,-1,0.05,11,train
enCas12a,RPS20,AGACTTTGAGAATCACTACAAGAAAAACTCCTTG,TTTG,-1,0.5499999999999999,11,train
enCas12a,RPS20,AGGATTTTACGTTGCGGCTTGTTAGGGTGATTCG,TTTT,-1,0.5555555555555556,11,train
enCas12a,RPS20,AGGCTTTTAAGGATACCGGAAAAACACCCGTGGA,TTTT,-1,0.2333333333333333,11,train
enCas12a,RPS20,ATCGTTTCCAGATGAGAATTCACAAGCGACTCAT,TTTC,-1,0.6444444444444444,11,train
enCas12a,RPS20,GGAGTTTTTCTTGTAGTGATTCTCAAAGTCTGTA,TTTT,-1,0.7,11,train
enCas12a,RPS20,GGATTTTACGTTGCGGCTTGTTAGGGTGATTCGA,TTTA,-1,0.9833333333333332,11,train
enCas12a,RPS20,GGCTTTTAAGGATACCGGAAAAACACCCGTGGAG,TTTA,-1,0.8999999999999999,11,train
enCas12a,RPS20,TTACTTTACCTTGGTAGGCATTCGAACTGGTCCT,TTTA,-1,0.7444444444444444,11,train
enCas12a,RPS20,TTCTTTTGCGCCTCTTATCAAGTCAGCACACACT,TTTG,-1,0.5583333333333333,11,train
enCas12a,RPS20,TTTCTTTTGCGCCTCTTATCAAGTCAGCACACAC,TTTT,-1,0.24166666666666664,11,train
enCas12a,SF3B1,AAAATTTACAACTCCATCTACATTGGTTCCCAGG,TTTA,-1,0.8534883720930293,151,train
enCas12a,SF3B1,AAATTTTCCAATATACATCTCTGACTTTCCGGGC,TTTC,-1,0.876162790697681,151,train
enCas12a,SF3B1,AAGATTTCCAGATGGCTGGTCATTAACACTTTTC,TTTC,-1,0.33953488372092944,151,train
enCas12a,SF3B1,AATCTTTGGAGGTCTGTGCTCAGCAAATGGATCA,TTTG,-1,0.4069767441860455,151,train
enCas12a,SF3B1,AATCTTTTGATTCTGTGTTAAAGCCTTTATGGAA,TTTT,-1,0.04302325581395349,151,train
enCas12a,SF3B1,AATTTTTTTCATTTCCTCATCAGGAGACTGGAAT,TTTT,-1,0.2081395348837205,151,train
enCas12a,SF3B1,ACAATTTTTTTCATTTCCTCATCAGGAGACTGGA,TTTT,-1,0.07209302325581392,151,train
enCas12a,SF3B1,ACACTTTTCATAGTTCGATCTTCAGTTTGCATGT,TTTT,-1,0.05697674418604647,151,train
enCas12a,SF3B1,ACAGTTTTGTGGCGTTTAAATAACAAATCTGCTA,TTTT,-1,0.8069767441860516,151,train
enCas12a,SF3B1,ACCATTTTTCTGTACTGTTCGGCTTCATCTTTCA,TTTT,-1,0.13488372093023235,151,train
enCas12a,SF3B1,ACCCTTTAACTGCAAAACAAACAGATCTCCAGTC,TTTA,-1,0.09767441860465106,151,train
enCas12a,SF3B1,ACCCTTTACAGTACTCCCTGCCTTAATGAATGAA,TTTA,-1,0.6372093023255834,151,train
enCas12a,SF3B1,ACTTTTTCATGTCTGTTCTTTAAGATGGGGGTGA,TTTC,-1,0.797674418604656,151,train
enCas12a,SF3B1,AGAGTTTGTACCACTGTAGCAATAGCTATTGTTG,TTTG,-1,0.8325581395348893,151,train
enCas12a,SF3B1,AGCCTTTATGGAAGGGTATCCGCCAACACAGAGG,TTTA,-1,0.8215116279069821,151,train
enCas12a,SF3B1,AGCTTTTAAGAAGGGCAATAAAGAAGGAATGCCC,TTTA,-1,0.860465116279076,151,train
enCas12a,SF3B1,AGCTTTTAGAGCTCTTAAAAGCCCACAAAAAGGC,TTTA,-1,0.6965116279069798,151,train
enCas12a,SF3B1,AGCTTTTGCTGTTGTAGCCTCTGCCCTGGGCATT,TTTG,-1,0.8250000000000055,151,train
enCas12a,SF3B1,AGCTTTTTCTGCTAGCTGTTGCCTAATTTCTCGC,TTTT,-1,0.41627906976744083,151,train
enCas12a,SF3B1,AGGCTTTAACACAGAATCAAAAGATTCGATACCA,TTTA,-1,0.6255813953488385,151,train
enCas12a,SF3B1,AGGGTTTGGCTGCTTTCTTGAAGGCTATTGGGTA,TTTG,-1,0.9651162790697758,151,train
enCas12a,SF3B1,AGGTTTTAAAAATGGAAGATTTCCAGATGGCTGG,TTTA,-1,0.4377906976744179,151,train
enCas12a,SF3B1,AGTATTTGGGTGAAGAGTACCCTGAAGTATTGGG,TTTG,-1,0.6697674418604673,151,train
enCas12a,SF3B1,AGTCTTTTCCCATTTCACCAATATATTCAAACAA,TTTT,-1,0.09593023255813944,151,train
enCas12a,SF3B1,AGTGTTTAAAAAAGGGAGGAAGAATCTCTGTTTT,TTTA,-1,0.45581395348837095,151,train
enCas12a,SF3B1,AGTTTTTTGGGAGTGGCACCAGGAGTCTGATCAG,TTTT,-1,0.19612403100775155,151,train
enCas12a,SF3B1,ATAATTTCTGCTGCACCTACTTTGTTTGCCAACT,TTTC,-1,0.528488372093023,151,train
enCas12a,SF3B1,ATAATTTTCTCAATTGTCTCCATCACCATTTTTC,TTTT,-1,0.07906976744186042,151,train
enCas12a,SF3B1,ATAGTTTATCAAAGTATTGAATATCATCAGGTTT,TTTA,-1,0.5970930232558156,151,train
enCas12a,SF3B1,ATAGTTTTTTGGGAGTGGCACCAGGAGTCTGATC,TTTT,-1,0.23604651162790646,151,train
enCas12a,SF3B1,ATATTTTTGAGCCTGGGGTTGCTCCAGGAGTCTC,TTTT,-1,0.1914728682170539,151,train
enCas12a,SF3B1,ATCCTTTTGCAGATGGTAATTCTTTCCCACTTTT,TTTT,-1,0.04341085271317828,151,train
enCas12a,SF3B1,ATCTTTTGATTCTGTGTTAAAGCCTTTATGGAAG,TTTG,-1,0.8302325581395404,151,train
enCas12a,SF3B1,ATGATTTCAACTAAACTTCTAAGATGTGGCAAGA,TTTC,-1,0.7633720930232599,151,train
enCas12a,SF3B1,ATGCTTTTTGTATTCATCTTCCCGGTCTGCAATC,TTTT,-1,0.17965116279069732,151,train
enCas12a,SF3B1,ATGGTTTGACTCGTTTGCCAAGAGCATTAACCAC,TTTG,-1,0.7069767441860495,151,train
enCas12a,SF3B1,ATTCTTTATGCTTTCCAAGAACAGACTACAGAGG,TTTA,-1,0.3924418604651153,151,train
enCas12a,SF3B1,ATTTTTTTCATTTCCTCATCAGGAGACTGGAATT,TTTT,-1,0.22558139534883676,151,train
enCas12a,SF3B1,CAAGTTTATGATCAATATCTGCTGCTCCCAAATT,TTTA,-1,0.7098837209302356,151,train
enCas12a,SF3B1,CAAGTTTGTACAGTATCCTATCAATAACTTTCAC,TTTG,-1,0.7000000000000028,151,train
enCas12a,SF3B1,CAATTTTTTTCATTTCCTCATCAGGAGACTGGAA,TTTT,-1,0.011627906976744186,151,train
enCas12a,SF3B1,CACATTTGGTTATATTGCAAAGGCCATTGGGTGA,TTTG,-1,0.870930232558146,151,train
enCas12a,SF3B1,CACCTTTGGGTGGTATGACTGGTTTCCACATGCA,TTTG,-1,0.689147286821708,151,train
enCas12a,SF3B1,CACTTTTCATAGTTCGATCTTCAGTTTGCATGTG,TTTC,-1,0.48294573643410843,151,train
enCas12a,SF3B1,CACTTTTCTATAAGTATTCAGAAATTTATTTGTA,TTTC,-1,0.2302325581395344,151,train
enCas12a,SF3B1,CAGATTTGCTGGATACGTGACATCAATTGCTGCA,TTTG,-1,0.3038759689922474,151,train
enCas12a,SF3B1,CAGATTTGTTATTTAAACGCCACAAAACTGTACC,TTTG,-1,0.4441860465116268,151,train
enCas12a,SF3B1,CAGCTTTCGAGCTGGAGTTCGAATAGGAACATAA,TTTC,-1,0.4622093023255818,151,train
enCas12a,SF3B1,CAGCTTTTAAGAAGGGCAATAAAGAAGGAATGCC,TTTT,-1,0.7031007751938014,151,train
enCas12a,SF3B1,CAGGTTTTAAAAATGGAAGATTTCCAGATGGCTG,TTTT,-1,0.04883720930232555,151,train
enCas12a,SF3B1,CAGTTTTGTGGCGTTTAAATAACAAATCTGCTAA,TTTG,-1,0.5720930232558149,151,train
enCas12a,SF3B1,CATATTTTTGAGCCTGGGGTTGCTCCAGGAGTCT,TTTT,-1,0.07093023255813946,151,train
enCas12a,SF3B1,CATCTTTCAGATCATCCACAATCCTGGATATAAT,TTTC,-1,0.7302325581395384,151,train
enCas12a,SF3B1,CATGTTTCTGCAACAATAGCTATTGCTACAGTGG,TTTC,-1,0.870930232558146,151,train
enCas12a,SF3B1,CATTTTTAAAACCTGATGATATTCAATACTTTGA,TTTA,-1,0.7720930232558183,151,train
enCas12a,SF3B1,CATTTTTCTGTACTGTTCGGCTTCATCTTTCAGA,TTTC,-1,0.29534883720930166,151,train
enCas12a,SF3B1,CCACTTTCTGATGAGGAATTAGATGCTATGTTCC,TTTC,-1,0.8209302325581449,151,train
enCas12a,SF3B1,CCACTTTTCTATAAGTATTCAGAAATTTATTTGT,TTTT,-1,0.36511627906976657,151,train
enCas12a,SF3B1,CCATTTTGAACATTCAGTTCAGGAACTCTGTATT,TTTG,-1,0.7534883720930272,151,train
enCas12a,SF3B1,CCATTTTTAAAACCTGATGATATTCAATACTTTG,TTTT,-1,0.23565891472868167,151,train
enCas12a,SF3B1,CCATTTTTCTGTACTGTTCGGCTTCATCTTTCAG,TTTT,-1,0.05581395348837209,151,train
enCas12a,SF3B1,CCCATTTCACCAATATATTCAAACAAGAAGGAAA,TTTC,-1,0.8232558139534938,151,train
enCas12a,SF3B1,CCCTTTTTTAAACACTTCTGGCAGCACAGGATGG,TTTT,-1,0.23372093023255763,151,train
enCas12a,SF3B1,CCTTTTTTAAACACTTCTGGCAGCACAGGATGGC,TTTT,-1,0.16046511627906948,151,train
enCas12a,SF3B1,CGAGTTTGCTTGGTCAGAAGAAGCCAGGATATCA,TTTG,-1,0.440697674418604,151,train
enCas12a,SF3B1,CGGCTTTGGCACAGTGGTTAATGCTCTTGGCAAA,TTTG,-1,0.6947674418604679,151,train
enCas12a,SF3B1,CTACTTTGTTTGCCAACTCCACAGTAGTATCAAC,TTTG,-1,0.020930232558139535,151,train
enCas12a,SF3B1,CTCGTTTGCCAAGAGCATTAACCACTGTGCCAAA,TTTG,-1,0.5389534883720934,151,train
enCas12a,SF3B1,CTCTTTTTGCTCTTCTGGACTAAGTGTTGATTCA,TTTT,-1,0.24418604651162737,151,train
enCas12a,SF3B1,CTGCTTTCTTGAAGGCTATTGGGTATCTTATTCC,TTTC,-1,0.6093023255813963,151,train
enCas12a,SF3B1,CTGGTTTCCACATGCAAACTGAAGATCGAACTAT,TTTC,-1,0.45348837209302223,151,train
enCas12a,SF3B1,CTGTTTTAATGTAGTTTGCTTCTACACCATCTGT,TTTA,-1,0.48255813953488313,151,train
enCas12a,SF3B1,CTGTTTTTACGAGCACTGGAAGTTGCGCCTCCAT,TTTT,-1,0.24999999999999944,151,train
enCas12a,SF3B1,CTTCTTTAGTCAAGTGTTGTTCTCGCATTACATC,TTTA,-1,0.9162790697674492,151,train
enCas12a,SF3B1,CTTCTTTATTGCCCTTCTTAAAAGCTGTGTGCAA,TTTA,-1,0.40348837209302224,151,train
enCas12a,SF3B1,CTTGTTTGAATATATTGGTGAAATGGGAAAAGAC,TTTG,-1,0.6616279069767463,151,train
enCas12a,SF3B1,CTTTTTTAAACACTTCTGGCAGCACAGGATGGCT,TTTA,-1,0.6406976744186063,151,train
enCas12a,SF3B1,GAAATTTATGGTGGAAGTGACAGCAGATTTGCTG,TTTA,-1,0.4511627906976733,151,train
enCas12a,SF3B1,GAACTTTGAGGTTGTTCAGAAGTGTAGCCAATAC,TTTG,-1,0.6593023255813973,151,train
enCas12a,SF3B1,GACATTTACAATGGCCTTCAGTGCTCCAAGAATG,TTTA,-1,0.9029069767441931,151,train
enCas12a,SF3B1,GAGCTTTATCAGTAATCTGACGCAATGCAGCCTG,TTTA,-1,0.7668604651162834,151,train
enCas12a,SF3B1,GAGCTTTTAGAGCTCTTAAAAGCCCACAAAAAGG,TTTT,-1,0.6668604651162813,151,train
enCas12a,SF3B1,GAGCTTTTGCTGTTGTAGCCTCTGCCCTGGGCAT,TTTT,-1,0.2639534883720924,151,train
enCas12a,SF3B1,GATCTTTAATTGGTGGAGTCATCTTATGCATACC,TTTA,-1,0.718604651162794,151,train
enCas12a,SF3B1,GCGATTTCTCTCATCAATTTCTCTTTCCCACCGC,TTTC,-1,0.5238372093023252,151,train
enCas12a,SF3B1,GCTTTTTCTGCTAGCTGTTGCCTAATTTCTCGCT,TTTC,-1,0.7488372093023294,151,train
enCas12a,SF3B1,GCTTTTTGTATTCATCTTCCCGGTCTGCAATCTT,TTTG,-1,0.4682170542635647,151,train
enCas12a,SF3B1,GGCCTTTGCAATATAACCAAATGTGTTGACTGTG,TTTG,-1,0.7364341085271354,151,train
enCas12a,SF3B1,GGCGTTTAAATAACAAATCTGCTAAAGTTAGGCA,TTTA,-1,0.4697674418604646,151,train
enCas12a,SF3B1,GGCTTTTAAGAGCTCTAAAAGCTCAAAGCAAATC,TTTA,-1,0.7447674418604688,151,train
enCas12a,SF3B1,GGGCTTTTAAGAGCTCTAAAAGCTCAAAGCAAAT,TTTT,-1,0.1924418604651159,151,train
enCas12a,SF3B1,GGGGTTTATGGATTTGGTTGTGAAGATTCGCTGA,TTTA,-1,0.9255813953488448,151,train
enCas12a,SF3B1,GGTGTTTCACCAATAGAATCTCCACCTCGATCTG,TTTC,-1,0.2705426356589141,151,train
enCas12a,SF3B1,GTAATTTCTTCTATCCAAAGCCATCCTGTGCTGC,TTTC,-1,0.6127906976744196,151,train
enCas12a,SF3B1,GTAATTTGGGAGCAGCAGATATTGATCATAAACT,TTTG,-1,0.31046511627906903,151,train
enCas12a,SF3B1,GTACTTTTTCATGTCTGTTCTTTAAGATGGGGGT,TTTT,-1,0.06453488372093019,151,train
enCas12a,SF3B1,GTAGTTTGCTTCTACACCATCTGTCCCACAACAC,TTTG,-1,0.5930232558139541,151,train
enCas12a,SF3B1,GTCATTTACTTGTGAAAGTTATTGATAGGATACT,TTTA,-1,0.9170542635658988,151,train
enCas12a,SF3B1,GTCCTTTGTTTAATCAGATTCTTCCTCTGCTGAT,TTTG,-1,0.5217054263565886,151,train
enCas12a,SF3B1,GTCTTTTCCCATTTCACCAATATATTCAAACAAG,TTTC,-1,0.7558139534883761,151,train
enCas12a,SF3B1,GTGCTTTGGCCATTGCTGCCTTGGCTGAAGCAGC,TTTG,-1,0.9023255813953559,151,train
enCas12a,SF3B1,GTTATTTAAACGCCACAAAACTGTACCACAGATC,TTTA,-1,0.8593023255814015,151,train
enCas12a,SF3B1,GTTCTTTAAGATGGGGGTGAGTCTAGGCAGCAGA,TTTA,-1,0.41976744186046466,151,train
enCas12a,SF3B1,GTTTTTTGGGAGTGGCACCAGGAGTCTGATCAGC,TTTG,-1,0.6476744186046535,151,train
enCas12a,SF3B1,TAAATTTCCTGGTCATAATAACCTGTAGAATCGA,TTTC,-1,0.5364341085271322,151,train
enCas12a,SF3B1,TAAATTTCTGAATACTTATAGAAAAGTGGGAAAG,TTTC,-1,0.20872093023255772,151,train
enCas12a,SF3B1,TAAATTTTCCAATATACATCTCTGACTTTCCGGG,TTTT,-1,0.6883720930232584,151,train
enCas12a,SF3B1,TAACTTTAGCAGATTTGTTATTTAAACGCCACAA,TTTA,-1,0.20232558139534843,151,train
enCas12a,SF3B1,TAACTTTCACAAGTAAATGACGCTCTTGATCCTC,TTTC,-1,0.48139534883720986,151,train
enCas12a,SF3B1,TACATTTATGCCGTAACACCGTTACTTGAAGATG,TTTA,-1,0.7366279069767478,151,train
enCas12a,SF3B1,TACCTTTCCTCTGTGTTGGCGGATACCCTTCCAT,TTTC,-1,0.8093023255814005,151,train
enCas12a,SF3B1,TACCTTTCTCATTGGTGGTGTTCCATTCTTAATT,TTTC,-1,0.5093023255813942,151,train
enCas12a,SF3B1,TACCTTTGCCAAATTAGAAATGATCTCTCGGCCT,TTTG,-1,0.24011627906976693,151,train
enCas12a,SF3B1,TACTTTTTCATGTCTGTTCTTTAAGATGGGGGTG,TTTT,-1,0.06220930232558136,151,train
enCas12a,SF3B1,TAGCTTTTTCTGCTAGCTGTTGCCTAATTTCTCG,TTTT,-1,0.13255813953488352,151,train
enCas12a,SF3B1,TAGTTTTTTGGGAGTGGCACCAGGAGTCTGATCA,TTTT,-1,0.22674418604651114,151,train
enCas12a,SF3B1,TATTTTTGAGCCTGGGGTTGCTCCAGGAGTCTCG,TTTG,-1,0.34186046511627827,151,train
enCas12a,SF3B1,TCAATTTCTCTTTCCCACCGCCAAGCCTGAAGCT,TTTC,-1,0.7872093023255861,151,train
enCas12a,SF3B1,TCAGTTTGCATGTGGAAACCAGTCATACCACCCA,TTTG,-1,0.41104651162790595,151,train
enCas12a,SF3B1,TCCATTTGCTGAGCACAGACCTCCAAAGATTGCA,TTTG,-1,0.2976744186046505,151,train
enCas12a,SF3B1,TCCATTTTGAACATTCAGTTCAGGAACTCTGTAT,TTTT,-1,0.21744186046511582,151,train
enCas12a,SF3B1,TCCATTTTTAAAACCTGATGATATTCAATACTTT,TTTT,-1,0.1546511627906974,151,train
enCas12a,SF3B1,TCCCTTTGCACGACCTGGTGTCTCATCCCATCTT,TTTG,-1,0.4038759689922471,151,train
enCas12a,SF3B1,TCCCTTTTTTAAACACTTCTGGCAGCACAGGATG,TTTT,-1,0.03313953488372093,151,train
enCas12a,SF3B1,TCCTTTTGCAGATGGTAATTCTTTCCCACTTTTC,TTTG,-1,0.07790697674418595,151,train
enCas12a,SF3B1,TCGCTTTCCTTCTTGTTTGAATATATTGGTGAAA,TTTC,-1,0.4918604651162788,151,train
enCas12a,SF3B1,TCGTTTTGATGGAGGCTGGGACGCTGCTGCTCCA,TTTG,-1,0.33333333333333254,151,train
enCas12a,SF3B1,TCTCTTTCCCACCGCCAAGCCTGAAGCTGTTCAG,TTTC,-1,0.399999999999999,151,train
enCas12a,SF3B1,TCTCTTTTTGCTCTTCTGGACTAAGTGTTGATTC,TTTT,-1,0.018604651162790697,151,train
enCas12a,SF3B1,TCTGTTTCACCCAGCCCGGAAAGTCAGAGATGTA,TTTC,-1,0.8922480620155108,151,train
enCas12a,SF3B1,TCTGTTTTAATGTAGTTTGCTTCTACACCATCTG,TTTT,-1,0.39457364341085177,151,train
enCas12a,SF3B1,TCTGTTTTTACGAGCACTGGAAGTTGCGCCTCCA,TTTT,-1,0.08914728682170533,151,train
enCas12a,SF3B1,TCTTTTTGCTCTTCTGGACTAAGTGTTGATTCAT,TTTG,-1,0.35581395348837125,151,train
enCas12a,SF3B1,TGAATTTGGAGCTGGTCCTTTGTTTAATCAGATT,TTTG,-1,0.5436046511627914,151,train
enCas12a,SF3B1,TGCCTTTCTTGAACTTTGAGGTTGTTCAGAAGTG,TTTC,-1,0.5476744186046516,151,train
enCas12a,SF3B1,TGCTTTTAAAAATTAAGAATGGAACACCACCAAT,TTTA,-1,0.7447674418604688,151,train
enCas12a,SF3B1,TGCTTTTTGTATTCATCTTCCCGGTCTGCAATCT,TTTT,-1,0.3959302325581386,151,train
enCas12a,SF3B1,TGGATTTGGTTGTGAAGATTCGCTGAATCACTTG,TTTG,-1,0.9598837209302409,151,train
enCas12a,SF3B1,TGGCTTTGGATAGAAGAAATTACCGACAGGTAAG,TTTG,-1,0.5945736434108546,151,train
enCas12a,SF3B1,TGTATTTGAGACATCTCCTCATGTAATTCAGGCA,TTTG,-1,0.7302325581395384,151,train
enCas12a,SF3B1,TGTCTTTCCAGGGGTCAGAACTGGAGTGCTTCCA,TTTC,-1,0.24767441860465061,151,train
enCas12a,SF3B1,TGTTTTTACGAGCACTGGAAGTTGCGCCTCCATG,TTTA,-1,0.6139534883720941,151,train
enCas12a,SF3B1,TTCATTTCCTCATCAGGAGACTGGAATTCTCGAA,TTTC,-1,0.6813953488372122,151,train
enCas12a,SF3B1,TTCGTTTTGATGGAGGCTGGGACGCTGCTGCTCC,TTTT,-1,0.3709302325581386,151,train
enCas12a,SF3B1,TTCTTTTACTGGCTCCAGGAGTCGGTGTTTCACC,TTTA,-1,0.19767441860465076,151,train
enCas12a,SF3B1,TTGATTTCTCGAACTGCTGTTGTCATGAAGACTT,TTTC,-1,0.5575581395348838,151,train
enCas12a,SF3B1,TTGCTTTTAAAAATTAAGAATGGAACACCACCAA,TTTT,-1,0.11976744186046495,151,train
enCas12a,SF3B1,TTTCTTTTACTGGCTCCAGGAGTCGGTGTTTCAC,TTTT,-1,0.15116279069767416,151,train
enCas12a,SF3B1,TTTGTTTAATCAGATTCTTCCTCTGCTGATGTCT,TTTA,-1,0.8581395348837271,151,train
enCas12a,SF3B1,TTTGTTTGCCAACTCCACAGTAGTATCAACTAAC,TTTG,-1,0.7178294573643446,151,train
enCas12a,SF3B1,TTTTTTTCATTTCCTCATCAGGAGACTGGAATTC,TTTC,-1,0.7895348837209349,151,train
enCas12a,SNRPD1,ACAGTTTACCTCTGGATACACTACTTGTGGATGT,TTTA,-1,0.532894736842105,15,train
enCas12a,SNRPD1,ACAGTTTCATGACTCAATTTCATCAAAAATCTAT,TTTC,-1,0.7368421052631574,15,train
enCas12a,SNRPD1,AGATTTTTGATGAAATTGAGTCATGAAACTGTAA,TTTT,-1,0.5526315789473681,15,train
enCas12a,SNRPD1,AGCGTTTCCAGCTGTACAGGTTCTCTGTTCTTCA,TTTC,-1,0.8947368421052625,15,train
enCas12a,SNRPD1,CAGCTTTAAGATGTGTATTCATGCTGACATCCAC,TTTA,-1,0.539473684210526,15,train
enCas12a,SNRPD1,CCCTTTTCTTAGATTTCACCTTAGGTTCAACATC,TTTC,-1,0.29605263157894735,15,train
enCas12a,SNRPD1,GATTTTTGATGAAATTGAGTCATGAAACTGTAAC,TTTG,-1,0.7894736842105258,15,train
enCas12a,SNRPD1,GGTATTTTATTCTACCAGACAGTTTACCTCTGGA,TTTT,-1,0.3421052631578947,15,train
enCas12a,SNRPD1,GTATTTTATTCTACCAGACAGTTTACCTCTGGAT,TTTA,-1,0.6710526315789469,15,train
enCas12a,SNRPD1,GTCATTTTCACAGCTTTAAGATGTGTATTCATGC,TTTT,-1,0.06578947368421052,15,train
enCas12a,SNRPD1,GTTATTTCCTCGAATACTCAGCGTTTCCAGCTGT,TTTC,-1,0.8947368421052625,15,train
enCas12a,SNRPD1,TAGATTTCACCTTAGGTTCAACATCCACAAGTAG,TTTC,-1,0.5921052631578945,15,train
enCas12a,SNRPD1,TAGATTTTTGATGAAATTGAGTCATGAAACTGTA,TTTT,-1,0.23684210526315788,15,train
enCas12a,SNRPD1,TCATTTTCACAGCTTTAAGATGTGTATTCATGCT,TTTC,-1,0.7017543859649118,15,train
enCas12a,SNRPD1,TCCCTTTTCTTAGATTTCACCTTAGGTTCAACAT,TTTT,-1,0.06578947368421052,15,train
